Claims_closed_as_no_claims,Claims_declined_ratio_(%),Claim_payment_ratio_(%),Claims_closed_as_no_claims_ratio (%),Insurer_Encoded,Reliability_Label_Encoded
0.3780568534461902,-0.05547907204345242,2.2238075077592794,0.04924903215769235,-1.3726820112252411,1.107806262184504
-0.08507493952075404,-0.22351606096223592,-0.15889543024990868,-0.4723845369494693,-1.324614646876203,-1.258918122971666
-0.07831296017440471,-0.22351606096223592,0.44074672701061124,-0.028991267005280305,-1.2765472825271647,-1.258918122971666
-0.08456460145687862,-0.22351606096223592,-0.16494591734359107,-0.1674428070889542,-1.2284799181781265,-1.258918122971666
-0.08507493952075404,-0.22351606096223592,0.6636524639523707,-0.4723845369494693,-1.1804125538290884,-1.258918122971666
-0.08507493952075404,-0.22351606096223592,-0.699341429151336,-0.4723845369494693,-1.0362104607819738,0.31889813379911397
-0.07104064276417997,-0.22351606096223592,-0.6718851473768997,1.215162158346616,-0.9400757320838974,0.31889813379911397
-0.08507493952075404,-0.22351606096223592,-0.4720806097297155,-0.4723845369494693,-0.843941003385821,0.31889813379911397
-0.08507493952075404,-0.22351606096223592,-1.234159745237526,-0.4723845369494693,-0.6997389103387065,1.896714390569894
-0.08201291113750152,-0.22351606096223592,-0.554628514497216,3.8509022460729945,-0.6516715459896683,0.31889813379911397
-0.08507493952075404,-0.22351606096223592,-1.259515801158308,-0.4723845369494693,-0.6036041816406301,1.896714390569894
0.5650957538565319,-0.22351606096223592,0.06506992825150071,0.9125007199524066,-0.5555368172915919,-1.258918122971666
-0.08481977048881632,0.5360278275281533,0.10673087773235257,-0.4685837913799129,-0.5074694529425537,-1.258918122971666
-0.08494735500478519,-0.22351606096223592,-0.6982693528700695,-0.4636249362779859,-0.3632673598954392,0.31889813379911397
-0.04654441569815978,-0.2124904919538491,0.04888951616660699,-0.18080171969814512,1.2710230279718593,-1.258918122971666
-0.08507493952075404,-0.22351606096223592,-1.1851056293142672,-0.4723845369494693,-0.21906526684832459,0.31889813379911397
-0.0840542633930032,-0.22351606096223592,0.2539975765401878,-0.32145898483945085,-0.12293053815024821,-1.258918122971666
-0.08507493952075404,-0.22351606096223592,-1.0555908709815482,-0.4723845369494693,-0.07486317380121002,0.31889813379911397
0.039064794516942045,-0.22351606096223592,1.9556312932345776,-0.4558971034650589,-0.026795809452171828,1.107806262184504
-0.08507493952075404,-0.22351606096223592,0.6016191781271527,-0.4723845369494693,0.16547364794398092,-1.258918122971666
-0.020389589924544465,-0.16632401185707235,-1.2215192491510192,0.5042323764799325,0.2135410122930191,1.896714390569894
-0.08507493952075404,1.6157223553551479,2.0840596990075713,-0.4723845369494693,0.3577431053401337,1.107806262184504
-0.08507493952075404,-0.22351606096223592,-0.11162095775793753,-0.4723845369494693,0.4538778340382101,-1.258918122971666
-0.0718061498599931,-0.22351606096223592,-0.24300001503213658,0.4432820369872291,0.5980799270853246,0.31889813379911397
-0.08507493952075404,-0.11824303619581844,-0.23858696260379073,-0.4723845369494693,0.7422820201324392,0.31889813379911397
-0.07269924147177509,-0.22351606096223592,-0.5714317469046677,1.2458448255338175,0.7903493844814774,0.31889813379911397
-0.08418184790897205,0.2027957033982592,0.43032358692369876,-0.036844503562340855,0.8864841131795538,-1.258918122971666
-0.07588885437099646,0.20079552024280367,0.9631101852661589,-0.43122618293067577,0.9826188418776302,-0.47000999458627596
-0.0831611717812212,-0.01705410938786848,-0.7302302332962298,-0.46844271664730175,1.0306862062266684,0.31889813379911397
-0.08188532662153265,0.9250462160014995,-0.4617004003954804,0.5753162938330226,1.174888299273783,0.31889813379911397
-0.07614402340293418,-0.22351606096223592,-0.2085259436244702,1.2216444119777148,1.2229556636228212,0.31889813379911397
-0.08507493952075404,1.5451619993387273,1.9898906820923594,-0.4723845369494693,1.3671577566699358,1.107806262184504
-0.08507493952075404,1.3461857175548693,1.512766282045033,-0.4723845369494693,1.415225121018974,-0.47000999458627596
0.3938773334263283,-0.22351606096223592,-1.0890489458532493,1.172986209433384,1.463292485368012,0.31889813379911397
-0.08507493952075404,0.14384155619362546,0.5238994943971955,-0.4723845369494693,0.694214655783401,-1.258918122971666
-0.08507493952075404,-0.22351606096223592,-1.3643944787951743,-0.4723845369494693,1.5594272140660885,1.896714390569894
0.6491739498800075,0.0026454660455935033,1.5274788125912027,0.7223451465378686,-1.3726820112252411,-0.47000999458627596
-0.08507493952075404,-0.22351606096223592,-0.3773297567586446,-0.4723845369494693,-1.324614646876203,0.31889813379911397
-0.07346474856758822,-0.22351606096223592,0.343275241833173,0.17578680738016347,-1.2765472825271647,-1.258918122971666
-0.08507493952075404,-0.22351606096223592,-0.29235737640071163,-0.4723845369494693,-1.2284799181781265,0.31889813379911397
-0.08507493952075404,-0.22351606096223592,-0.4033108297839088,-0.4723845369494693,-1.1804125538290884,0.31889813379911397
-0.08507493952075404,-0.22351606096223592,0.9911326993520011,-0.4723845369494693,-1.0362104607819738,-0.47000999458627596
-0.08507493952075404,-0.22351606096223592,-0.8691853519006304,-0.4723845369494693,-0.843941003385821,0.31889813379911397
-0.07831296017440471,-0.22351606096223592,-1.2657738430707628,0.6009246477749048,-0.6997389103387065,1.896714390569894
-0.0843094324249409,-0.22351606096223592,0.07004808653263743,0.48491467929121906,-0.6516715459896683,-1.258918122971666
-0.08226808016943922,-0.22351606096223592,-0.32996095042643725,-0.4182879277827784,-0.6036041816406301,0.31889813379911397
0.679539064680595,-0.22351606096223592,0.7791643920801368,1.0469500456277132,-0.5555368172915919,-1.258918122971666
-0.08354392532912777,0.6672274085931055,0.10185468337591982,-0.44999157282688007,-0.5074694529425537,-1.258918122971666
-0.08507493952075404,-0.22351606096223592,-0.850548160144563,-0.4723845369494693,-0.3632673598954392,0.31889813379911397
0.017758180350143232,-0.11016608193585135,-0.19279200938077848,0.21730314540188983,1.2710230279718593,0.31889813379911397
-0.08507493952075404,-0.22351606096223592,-1.2092557067206444,-0.4723845369494693,-0.21906526684832459,0.31889813379911397
-0.06899929050867828,-0.1613022709600336,-0.02252010746971634,1.2437494238722524,-0.12293053815024821,-1.258918122971666
-0.08507493952075404,-0.22351606096223592,-0.9552072835120812,-0.4723845369494693,-0.07486317380121002,0.31889813379911397
-0.048968521501568024,-0.22351606096223592,1.8740525656498466,-0.4674392164457063,-0.026795809452171828,1.107806262184504
-0.08507493952075404,-0.20064949538545154,0.49355744881384017,-0.4723845369494693,0.16547364794398092,-1.258918122971666
-0.06491658599767493,-0.016702326968034916,-1.1620972299565304,-0.2122501586388132,0.2135410122930191,0.31889813379911397
-0.08507493952075404,0.9822266522758317,2.297179745272218,-0.4723845369494693,0.3577431053401337,1.107806262184504
-0.08507493952075404,-0.22351606096223592,0.6723746977018399,-0.4723845369494693,0.4538778340382101,-1.258918122971666
-0.08303358726525235,-0.18948316716516728,-0.13353940898003233,-0.2339644519617951,-0.9400757320838974,-1.258918122971666
-0.07435784017937021,-0.22351606096223592,-0.4064794632544014,0.865922498593861,0.5500125627362864,0.31889813379911397
-0.02587572411120524,-0.22351606096223592,-0.2837828020149919,3.261174365968105,0.5980799270853246,0.31889813379911397
-0.07690953049874731,-0.1398844088281279,-0.5295959366781691,-0.13759136842813569,0.7422820201324392,0.31889813379911397
-0.08507493952075404,0.05392952871447877,-0.397372808310189,-0.4723845369494693,0.8864841131795538,0.31889813379911397
-0.06057871245473385,-0.18589247097744185,0.8403565029779508,-0.37653908732808894,0.9826188418776302,-0.47000999458627596
-0.08303358726525235,-0.03132779381436937,-0.5049236540812065,-0.46854866841315945,1.0306862062266684,0.31889813379911397
-0.08443701694090976,-0.22351606096223592,0.024486898494561385,-0.2435220194055889,1.174888299273783,-1.258918122971666
-0.0755061008230899,-0.22351606096223592,-0.5161626484164609,1.168431945343581,1.2229556636228212,0.31889813379911397
-0.08009914339796868,0.4782818241419724,1.0219158382162163,-0.01146269209284161,1.3671577566699358,-0.47000999458627596
-0.08507493952075404,0.2692532121434826,-0.5797232203937587,-0.4723845369494693,1.415225121018974,0.31889813379911397
-0.08507493952075404,-0.22351606096223592,-1.0492257365618456,-0.4723845369494693,1.463292485368012,0.31889813379911397
-0.08507493952075404,-0.08364164505477112,-0.3052230644118434,-0.4723845369494693,0.694214655783401,0.31889813379911397
-0.08507493952075404,-0.22351606096223592,-1.1586056850337507,-0.4723845369494693,1.5594272140660885,0.31889813379911397
0.6493015343959764,-0.13403745702990066,1.8495382400307079,0.5123711096850752,-1.3726820112252411,-0.47000999458627596
-0.08507493952075404,-0.22351606096223592,-0.43429801312536703,-0.4723845369494693,-2.9108376703944634,0.31889813379911397
-0.07474059372727677,-0.22351606096223592,-0.17055427896458913,0.18866607273080147,-1.2765472825271647,-1.258918122971666
-0.08481977048881632,-0.22351606096223592,-0.13582098534311318,-0.383745720630887,-2.862770306045425,-1.258918122971666
-0.08507493952075404,-0.22351606096223592,-0.17626545850066,-0.4723845369494693,-1.1804125538290884,-1.258918122971666
27.150646853382696,-0.22351606096223592,-1.3643944787951743,-0.4723845369494693,-2.8147029416963867,1.896714390569894
-0.08507493952075404,-0.22351606096223592,-0.5647621044941188,-0.4723845369494693,-2.7666355773473486,0.31889813379911397
-0.08507493952075404,-0.22351606096223592,-1.3643944787951743,-0.4723845369494693,-2.7185682129983104,1.896714390569894
-0.08507493952075404,-0.22351606096223592,-1.3643944787951743,-0.4723845369494693,-2.6705008486492723,1.896714390569894
-0.07116822728014882,-0.0898249624941323,-0.1643267856660501,-0.1823629757060128,-2.622433484300234,-1.258918122971666
0.7717826697260773,-0.22351606096223592,-1.3643944787951743,-0.4723845369494693,-2.574366119951196,1.896714390569894
-0.08507493952075404,0.7730849355679382,0.0004920176642754077,-0.4723845369494693,-0.5074694529425537,-1.258918122971666
-0.08507493952075404,-0.22351606096223592,-0.7037959289731557,-0.4723845369494693,-2.526298755602158,0.31889813379911397
0.07338502931256409,-0.181937179341576,-0.2608843343254814,0.6043262946369294,-2.4782313912531193,0.31889813379911397
-0.08507493952075404,-0.22351606096223592,-1.207333076011169,-0.4723845369494693,-2.430164026904081,0.31889813379911397
-0.07448542469533906,-0.18433379690554935,-0.21722602937306681,0.951555157458723,-2.382096662555043,0.31889813379911397
-0.08507493952075404,-0.22351606096223592,-1.1963967008738992,-0.4723845369494693,-2.334029298206005,0.31889813379911397
0.04531643579941595,-0.22351606096223592,1.9561207144220452,-0.45193081836694715,-2.2859619338569668,1.107806262184504
-0.08507493952075404,-0.22351606096223592,-1.3643944787951743,-0.4723845369494693,-2.2378945695079286,1.896714390569894
0.48012446622127436,-0.13672479460928677,-1.1808044559145272,5.332662335361483,-2.1898272051588905,1.896714390569894
-0.08507493952075404,1.149705046963218,0.804867279387907,-0.4723845369494693,-2.1417598408098524,-1.258918122971666
-0.08494735500478519,-0.22351606096223592,-1.3643944787951743,-0.4723845369494693,-2.093692476460814,1.896714390569894
-0.0843094324249409,-0.22351606096223592,-1.3643944787951743,-0.4723845369494693,-2.0456251121117757,1.896714390569894
-0.07474059372727677,-0.22351606096223592,-1.3643944787951743,-0.4723845369494693,-1.9975577477627375,1.896714390569894
-0.07371991759952592,-0.22351606096223592,-0.0647559941936768,0.32857894910740526,-1.9494903834136994,-1.258918122971666
-0.08481977048881632,-0.22351606096223592,-0.7246997755511138,-0.4598743259652729,-1.9014230190646613,0.31889813379911397
-0.08507493952075404,0.05207683832723181,-0.41764229544681103,-0.4723845369494693,-1.8533556547156231,0.31889813379911397
-0.0433548027989384,0.23269713156340002,0.4066907153781154,-0.322570302103475,-1.8052882903665848,-1.258918122971666
-0.04526857053847123,-0.22351606096223592,-1.3643944787951743,-0.4723845369494693,-1.7572209260175466,1.896714390569894
-0.08507493952075404,-0.22351606096223592,-1.3643944787951743,-0.4723845369494693,-1.7091535616685085,1.896714390569894
-0.0667027692212389,-0.22351606096223592,-0.38891842871815696,2.3791450433419428,-1.6610861973194704,0.31889813379911397
-0.08303358726525235,2.9337250162823953,-0.33600114196851905,-0.3474224014961393,-1.613018832970432,0.31889813379911397
-0.04998919762931887,0.18524620325707644,-1.0007450071083277,0.5975806208414643,-1.564951468621394,1.896714390569894
-0.08073706597781297,-0.22351606096223592,-1.3059117371567863,-0.4573689693466061,-1.5168841042723558,1.896714390569894
-0.08507493952075404,-0.013288144196552196,-0.1101192789442332,-0.4723845369494693,-1.4688167399233176,-1.258918122971666
-0.08507493952075404,-0.1813720644303847,-1.0084007125823997,-0.4723845369494693,-1.4207493755742793,0.31889813379911397
0.9276909482400183,-0.1250076584577791,1.7005460937738595,1.0227244975050587,-1.3726820112252411,-0.47000999458627596
-0.0843094324249409,-0.12221481433434492,-0.568510523019401,-0.4191590046723857,-1.324614646876203,0.31889813379911397
-0.0766543614668096,-0.22351606096223592,0.018519972274933853,0.04218467527065634,-1.2765472825271647,-1.258918122971666
-0.08443701694090976,-0.22351606096223592,0.21462909794631244,-0.3064337069919453,-1.2284799181781265,-1.258918122971666
-0.08507493952075404,-0.22351606096223592,-0.30525003953366087,-0.4723845369494693,-1.1804125538290884,0.31889813379911397
-0.06517175502961263,-0.22351606096223592,0.8686472773027442,-0.44394789568621945,-1.0362104607819738,-0.47000999458627596
-0.08507493952075404,-0.22351606096223592,-0.8813996135941706,-0.4723845369494693,-0.843941003385821,0.31889813379911397
-0.08392667887703434,-0.22351606096223592,-1.218811036995127,-0.3058287495339394,-0.6997389103387065,0.31889813379911397
-0.08507493952075404,-0.22351606096223592,-0.043197379151137194,-0.4723845369494693,-0.6516715459896683,-1.258918122971666
-0.08124740404168838,-0.17135983573355257,0.33639000481262066,-0.38674754635924796,-0.6036041816406301,-1.258918122971666
0.7282763497806977,-0.22351606096223592,0.4485093890459958,1.3245069342204476,-0.5555368172915919,-1.258918122971666
-0.08507493952075404,0.8210895034828628,-0.18672667123977735,-0.4723845369494693,-0.5074694529425537,-1.258918122971666
-0.07499576275921448,-0.22351606096223592,-1.116013710184073,-0.04303622666471609,-0.3632673598954392,0.31889813379911397
0.0016825313380674808,-0.20794467894309962,-0.4430978035832888,0.04274629003120811,1.2710230279718593,0.31889813379911397
-0.08456460145687862,-0.21971292186861688,-0.9960437293429534,-0.4690541386026253,-0.21906526684832459,0.31889813379911397
-0.08163015758959495,-0.08001308542972985,0.04785558552193996,-0.048264631020050366,-0.12293053815024821,-1.258918122971666
-0.08507493952075404,-0.22351606096223592,-1.0392923602311066,-0.4723845369494693,-0.07486317380121002,0.31889813379911397
0.02043745518548919,-0.22351606096223592,2.676269424277522,-0.4533143458457497,-0.026795809452171828,1.107806262184504
-0.08507493952075404,-0.22351606096223592,0.9472656124132349,-0.4723845369494693,0.16547364794398092,-0.47000999458627596
-0.08252324920137694,-0.2185423544396849,-1.0878408887653657,-0.42882992700059,0.2135410122930191,0.31889813379911397
-0.07971638985006212,1.616229770377806,1.493309370914016,-0.46330692314063043,0.3577431053401337,-0.47000999458627596
-0.08507493952075404,-0.22351606096223592,0.4456587333169533,-0.4723845369494693,0.4538778340382101,-1.258918122971666
-0.0831611717812212,-0.22351606096223592,-0.563967742036609,-0.2450746823468635,-0.9400757320838974,0.31889813379911397
-0.07933363630215555,-0.22351606096223592,-0.44888260621830617,0.31597952348403874,0.5500125627362864,0.31889813379911397
-0.08367150984509664,-0.22351606096223592,0.12555951534280668,-0.3848821157118945,0.5980799270853246,-1.258918122971666
-0.08239566468540808,0.16574397240667776,-0.5252648624236255,-0.37012235775654645,0.7422820201324392,0.31889813379911397
-0.08507493952075404,0.11483159579255642,-0.11573178145289151,-0.4723845369494693,0.8864841131795538,-1.258918122971666
-0.06721310728511432,-0.03355710388927297,0.12729495316551492,-0.41897051310976063,0.9826188418776302,-1.258918122971666
-0.044120309894751526,-0.15771007424000472,-0.7705771582931376,-0.3989798366050512,1.0306862062266684,0.31889813379911397
-0.0815025730736261,-0.22351606096223592,-0.6232658200424717,0.42109473154183985,1.174888299273783,0.31889813379911397
-0.07793020662649815,-0.22351606096223592,-0.5032570834914715,0.7032460794864637,1.2229556636228212,0.31889813379911397
-0.08507493952075404,0.20540928051379906,1.6376897874261183,-0.4723845369494693,1.3671577566699358,-0.47000999458627596
-0.08507493952075404,0.05664788602721247,-0.6354164485289395,-0.4723845369494693,1.415225121018974,0.31889813379911397
-0.08009914339796868,-0.22351606096223592,-1.2647473244968488,-0.45536372284308163,1.463292485368012,1.896714390569894
-0.08494735500478519,-0.1048067932442466,-0.4119472386471589,-0.46805314627421574,0.694214655783401,0.31889813379911397
-0.08507493952075404,-0.22351606096223592,-1.1920720056006782,-0.4723845369494693,1.5594272140660885,0.31889813379911397
-0.08201291113750152,-0.019318698179823974,1.54109333906778,-0.11475440946795792,-1.1323451894800503,-0.47000999458627596
-0.08507493952075404,-0.22351606096223592,2.1008063111745234,-0.4723845369494693,-1.084277825131012,1.107806262184504
-0.08507493952075404,-0.22351606096223592,2.0994422579596344,-0.4723845369494693,-0.9881430964329356,1.107806262184504
-0.08507493952075404,-0.22351606096223592,2.7895121166332806,-0.4723845369494693,-0.8920083677348593,1.107806262184504
-0.08507493952075404,-0.08101520118065517,0.40027706630666127,-0.4723845369494693,-0.7958736390367829,-1.258918122971666
-0.08507493952075404,-0.22351606096223592,1.6467767656069223,-0.4723845369494693,-0.7478062746877446,-0.47000999458627596
-0.08507493952075404,-0.22351606096223592,-0.14859201957858156,-0.4723845369494693,-0.5555368172915919,-1.258918122971666
-0.08507493952075404,-0.22351606096223592,2.8135530534823503,-0.4723845369494693,-0.45940208859351556,1.107806262184504
-0.08507493952075404,-0.22351606096223592,-1.1566377430920165,-0.4723845369494693,-0.41133472424447737,0.31889813379911397
-0.08507493952075404,-0.22351606096223592,2.65168648891374,-0.4723845369494693,-0.1709979024992864,1.107806262184504
-0.07933363630215555,-0.1670921149024095,2.093893031316161,-0.39297513759311575,0.11740628359494273,1.107806262184504
-0.08507493952075404,-0.22351606096223592,2.1317994114077927,-0.4723845369494693,0.16547364794398092,1.107806262184504
-0.08507493952075404,-0.22351606096223592,1.290703538758708,-0.4723845369494693,0.2616083766420573,-0.47000999458627596
-0.08507493952075404,0.376664030823716,-0.10147441562278298,-0.4723845369494693,0.3096757409910955,-1.258918122971666
-0.08507493952075404,-0.22351606096223592,1.6898439694536511,-0.4723845369494693,0.4058104696891719,-0.47000999458627596
-0.08507493952075404,-0.22351606096223592,1.616124267481691,-0.4723845369494693,0.5019451983872483,-0.47000999458627596
-0.08328875629719007,-0.22351606096223592,0.9105498056139041,-0.3763704921315515,0.6461472914343628,-0.47000999458627596
-0.08507493952075404,-0.22351606096223592,0.7095647028679194,-0.4723845369494693,0.8384167488305155,-1.258918122971666
-0.08507493952075404,-0.22351606096223592,0.8082483070408042,-0.4723845369494693,0.9345514775285919,-0.47000999458627596
-0.08507493952075404,-0.22351606096223592,-1.0944724906958547,-0.4723845369494693,0.9826188418776302,0.31889813379911397
-0.0803543124299064,-0.022668392451189037,1.7667815496325516,-0.3174410942508452,1.0787535705757065,-0.47000999458627596
-0.08507493952075404,-0.22351606096223592,-1.3643944787951743,-0.4723845369494693,1.174888299273783,1.896714390569894
-0.08507493952075404,-0.22351606096223592,2.516645998740986,-0.4723845369494693,1.3190903923208974,1.107806262184504
-0.08507493952075404,-0.22351606096223592,0.7275009289745512,-0.4723845369494693,1.415225121018974,-1.258918122971666
-0.08507493952075404,-0.22351606096223592,2.33507707385846,-0.4723845369494693,1.5113598497170502,1.107806262184504
0.18272495949787296,0.23883362025485524,1.774198303023276,-0.03022032277615601,-1.3726820112252411,-0.47000999458627596
-0.08507493952075404,-0.22351606096223592,-0.7901812212875781,-0.4723845369494693,-1.324614646876203,0.31889813379911397
-0.07907846727021785,-0.22351606096223592,-0.07596062902696973,-0.14214290735611027,-1.2765472825271647,-1.258918122971666
-0.0815025730736261,-0.22351606096223592,1.6004966503272713,-0.09356231529961077,-1.2284799181781265,-0.47000999458627596
-0.08507493952075404,-0.22351606096223592,-0.4077757063863086,-0.4723845369494693,-1.1804125538290884,0.31889813379911397
-0.0803543124299064,-0.22351606096223592,0.8382953810292962,-0.46375084993283366,-1.0362104607819738,-0.47000999458627596
-0.08507493952075404,-0.22351606096223592,0.1289670439245778,-0.4723845369494693,-0.843941003385821,-1.258918122971666
-0.008651814455409789,-0.22351606096223592,-0.7967287084708561,9.55748956024495,-0.6997389103387065,1.896714390569894
-0.08507493952075404,-0.22351606096223592,-0.15889543024990868,-0.4723845369494693,-0.6516715459896683,-1.258918122971666
-0.07793020662649815,-0.18169337871776478,-0.19411293570445384,-0.2672900991911757,-0.6036041816406301,-1.258918122971666
0.5335823784122247,-0.22351606096223592,0.4189585650261977,0.8725718073963677,-0.5555368172915919,-1.258918122971666
-0.08507493952075404,1.610128498207922,0.5997195346943817,-0.4723845369494693,-0.5074694529425537,-1.258918122971666
-0.08507493952075404,-0.22351606096223592,-0.6691071711722193,-0.4723845369494693,-0.3632673598954392,0.31889813379911397
0.046464696443135646,-0.20129432543249207,1.267332125260114,-0.036237645821036744,1.2710230279718593,-0.47000999458627596
-0.04692716924606634,-0.18955983744969296,-0.8305761022489497,-0.13042777426591312,-0.21906526684832459,0.31889813379911397
-0.08494735500478519,-0.19231403784186535,-0.15915565670399298,-0.45872277443431164,-0.12293053815024821,-1.258918122971666
-0.08507493952075404,-0.22351606096223592,-0.9736008311898409,-0.4723845369494693,-0.07486317380121002,0.31889813379911397
-0.0792060517861867,-0.22351606096223592,2.0538879152989544,-0.47153782629611846,-0.026795809452171828,1.107806262184504
-0.08507493952075404,-0.22351606096223592,0.49375524858770825,-0.4723845369494693,0.16547364794398092,-1.258918122971666
-0.08201291113750152,-0.07869287616055791,-1.1792009204582896,-0.4160195321029983,0.2135410122930191,0.31889813379911397
-0.08507493952075404,1.2127342104550534,1.716566091991,-0.4723845369494693,0.3577431053401337,-0.47000999458627596
-0.08507493952075404,-0.22351606096223592,0.6008130239249815,-0.4723845369494693,0.4538778340382101,-1.258918122971666
-0.08328875629719007,-0.22351606096223592,-0.6051737516509496,-0.27115046746944466,-0.9400757320838974,0.31889813379911397
-0.056623592459699335,-0.22351606096223592,-0.1473529925665346,3.54143248306588,0.5500125627362864,0.31889813379911397
-0.04156861957537442,-0.22351606096223592,-0.06394032226204638,1.8648080877478026,0.5980799270853246,-1.258918122971666
-0.05547533181597964,-0.1524805894350056,-0.5682217081425055,0.7302563907018634,0.7422820201324392,0.31889813379911397
-0.08507493952075404,0.01376444044151251,-0.17304112511959943,-0.4723845369494693,0.8864841131795538,-1.258918122971666
-0.006738046715876961,1.001608676118574,1.4187862360139811,-0.22286834928179117,0.9826188418776302,-0.47000999458627596
0.03638551968159609,-0.09988795561536638,0.6097885014624863,0.00038734748756042375,1.0306862062266684,-1.258918122971666
-0.08507493952075404,-0.22351606096223592,0.027797982237780898,-0.4723845369494693,1.174888299273783,-1.258918122971666
-0.06274764922620438,-0.22351606096223592,-0.25455206161860033,2.7987215715438176,1.2229556636228212,0.31889813379911397
-0.08507493952075404,0.07410079166428249,1.686956244715217,-0.4723845369494693,1.3671577566699358,-0.47000999458627596
-0.04348238731490725,-0.1683806329980126,-0.8308357758505674,0.2430660464857999,1.415225121018974,0.31889813379911397
0.041871653868256864,-0.22351606096223592,-1.1904813279263038,-0.056040136145428326,1.463292485368012,0.31889813379911397
-0.08507493952075404,-0.12500978114754954,-0.6678440233438518,-0.4723845369494693,0.694214655783401,0.31889813379911397
-0.08507493952075404,-0.22351606096223592,-1.0725376322765348,-0.4723845369494693,1.5594272140660885,0.31889813379911397
0.2546826265043073,0.26417066847958676,1.8967714916404363,0.14369159093818612,-1.3726820112252411,1.107806262184504
-0.08507493952075404,-0.07992653357476452,-0.8967250591249019,-0.4723845369494693,-1.324614646876203,0.31889813379911397
-0.08341634081315892,-0.22351606096223592,-0.42209925007007276,-0.371767502209457,-1.2765472825271647,0.31889813379911397
-0.08507493952075404,-0.22351606096223592,1.545036910797206,-0.4723845369494693,-1.2284799181781265,-0.47000999458627596
-0.08494735500478519,-0.22351606096223592,-0.6598904828483011,-0.4706359083513573,-1.1804125538290884,0.31889813379911397
-0.08507493952075404,-0.22351606096223592,0.9150928700378399,-0.4723845369494693,-1.0362104607819738,-0.47000999458627596
-0.08507493952075404,-0.22351606096223592,0.28151851492181085,-0.4723845369494693,-0.843941003385821,-1.258918122971666
-0.078950882754249,-0.22351606096223592,-0.07315345552208469,0.6161181251719224,-0.6997389103387065,-1.258918122971666
-0.08507493952075404,-0.22351606096223592,0.08233692470912188,-0.4723845369494693,-0.6516715459896683,-1.258918122971666
-0.04450306344265809,-0.1822815735698936,-0.3742441790942761,0.6758793144093908,-0.6036041816406301,0.31889813379911397
0.6772425433931556,-0.22351606096223592,0.23299070791507767,1.181519816808949,-0.5555368172915919,-1.258918122971666
-0.08481977048881632,1.065478864981891,0.4176580020994886,-0.46751915212867146,-0.5074694529425537,-1.258918122971666
-0.08507493952075404,-0.22351606096223592,-0.36526245185887846,-0.4723845369494693,-0.3632673598954392,0.31889813379911397
-0.02294128024392157,-0.16156597931495184,1.2475870114515655,-0.22314384285205405,1.2710230279718593,-0.47000999458627596
-0.0718061498599931,-0.1537623772058823,-0.3419789730959126,-0.1836280300411531,-0.21906526684832459,0.31889813379911397
-0.08188532662153265,-0.19331161584571377,-0.6485178975690633,-0.14176017767944665,-0.12293053815024821,0.31889813379911397
-0.08507493952075404,-0.22351606096223592,-1.1555649888629125,-0.4723845369494693,-0.07486317380121002,0.31889813379911397
-0.0803543124299064,-0.22351606096223592,2.0352665220496373,-0.4717113976435058,-0.026795809452171828,1.107806262184504
-0.08507493952075404,-0.22351606096223592,-0.030104434920430342,-0.4723845369494693,0.16547364794398092,-1.258918122971666
0.042254407416163424,0.027602173670381203,-1.2663096115194705,1.3874776146322227,0.2135410122930191,1.896714390569894
-0.08507493952075404,1.6217723279874883,0.8644730008220339,-0.4723845369494693,0.3577431053401337,-0.47000999458627596
-0.08507493952075404,-0.22351606096223592,0.5210048157612306,-0.4723845369494693,0.4538778340382101,-1.258918122971666
-0.048458183437692606,-0.22351606096223592,-0.7829613140978487,2.7555680065677226,-0.9400757320838974,0.31889813379911397
-0.08022672791393755,-0.22351606096223592,-0.07989729858569364,0.27218152012662167,0.5500125627362864,-1.258918122971666
-0.015541378317727969,-0.22351606096223592,-0.4406112705084123,3.521596773153578,0.5980799270853246,0.31889813379911397
-0.08443701694090976,-0.2098280255981882,-0.5819683455966238,-0.44241810052301,0.7422820201324392,0.31889813379911397
-0.08507493952075404,0.01826264899892955,-0.2936612842969263,-0.4723845369494693,0.8864841131795538,0.31889813379911397
-0.08507493952075404,0.5030877392472644,2.3136236193066946,-0.4723845369494693,0.9826188418776302,1.107806262184504
-0.06338557180604866,-0.22351606096223592,0.5757414997892921,-0.37575900217535124,1.0306862062266684,-1.258918122971666
-0.08507493952075404,-0.22351606096223592,-0.7037959289731557,-0.4723845369494693,1.174888299273783,0.31889813379911397
-0.0718061498599931,-0.22351606096223592,-0.22819697303105446,1.6375574231571643,1.2229556636228212,0.31889813379911397
-0.08507493952075404,-0.07235959340132952,0.8827660547956818,-0.4723845369494693,1.3671577566699358,-0.47000999458627596
-0.037868668612277626,-0.1977845428537895,-1.22131921535647,0.36133716521381226,1.415225121018974,1.896714390569894
0.3970669463255497,-0.22351606096223592,-1.1388089144038251,1.1444453337737233,1.463292485368012,1.896714390569894
-0.08507493952075404,0.06700391513005287,-0.71157062716772,-0.4723845369494693,0.694214655783401,0.31889813379911397
-0.08507493952075404,-0.22351606096223592,-1.0716061712620268,-0.4723845369494693,1.5594272140660885,0.31889813379911397
0.16971133886904974,-0.12325842254329589,1.7357564338489164,-0.010996944071639226,-1.3726820112252411,-0.47000999458627596
-0.08507493952075404,-0.20354139071877236,-1.1285033756480791,-0.4723845369494693,-1.324614646876203,0.31889813379911397
-0.0831611717812212,-0.22351606096223592,-0.5444618849934751,-0.3718278965880525,-1.2765472825271647,0.31889813379911397
-0.08456460145687862,-0.22351606096223592,1.5221760399339488,-0.42875761954266706,-1.2284799181781265,-0.47000999458627596
-0.08507493952075404,-0.22351606096223592,-0.17267731287615967,-0.4723845369494693,-1.1804125538290884,-1.258918122971666
-0.08507493952075404,-0.22351606096223592,1.2306259812416829,-0.4723845369494693,-1.0362104607819738,-0.47000999458627596
-0.08507493952075404,-0.22351606096223592,1.0116187269227763,-0.4723845369494693,-0.843941003385821,-0.47000999458627596
-0.08443701694090976,-0.22351606096223592,0.21825218264870855,-0.3713122215092759,-0.6997389103387065,-1.258918122971666
-0.08507493952075404,-0.22351606096223592,-0.686857504618745,-0.4723845369494693,-0.6516715459896683,0.31889813379911397
-0.07831296017440471,-0.1328848390482499,-0.15616590336402206,-0.2386972035994921,-0.6036041816406301,-1.258918122971666
1.0403480758405175,-0.22351606096223592,0.574302606439688,1.7007583104062236,-0.5555368172915919,-1.258918122971666
-0.08507493952075404,0.8400497376699323,0.13016654104499045,-0.4723845369494693,-0.5074694529425537,-1.258918122971666
-0.08226808016943922,-0.22351606096223592,-0.7523471180722934,-0.41796442646550247,-0.3632673598954392,0.31889813379911397
0.03204764613865501,-0.209941971156373,1.234174090686148,-0.08266754569442243,1.2710230279718593,-0.47000999458627596
-0.07997155888199983,-0.14508125076086872,0.045390254692174496,-0.35790929434968594,-0.21906526684832459,-1.258918122971666
-0.08418184790897205,-0.22351606096223592,-0.22138608597096346,-0.37091868880801626,-0.12293053815024821,0.31889813379911397
-0.08507493952075404,-0.22351606096223592,-1.1823353221462731,-0.4723845369494693,-0.07486317380121002,0.31889813379911397
-0.07844054469037356,-0.22351606096223592,-0.793117005029837,-0.36178436088408156,0.02127155489686636,0.31889813379911397
-0.08507493952075404,-0.22351606096223592,1.9671452465279557,-0.4723845369494693,0.06933891924590455,1.107806262184504
-0.0618545576144224,0.24828422002105263,-0.6554466317705895,-0.06811537708118598,0.16547364794398092,0.31889813379911397
-0.06836136792883402,-0.06280418087674002,-1.2563179755270124,-0.16511323543639173,0.2135410122930191,1.896714390569894
-0.08507493952075404,1.4469782634120332,1.6991741000371654,-0.4723845369494693,0.3577431053401337,-0.47000999458627596
-0.08507493952075404,-0.22351606096223592,0.33486825243931034,-0.4723845369494693,0.4538778340382101,-1.258918122971666
-0.06887170599270943,-0.19813531081208374,-0.8981411739788375,0.9389570936275985,-0.9400757320838974,0.31889813379911397
-0.08443701694090976,-0.22351606096223592,0.10916716161075529,-0.3652013233588612,0.5500125627362864,-1.258918122971666
-0.0803543124299064,-0.22351606096223592,0.18007540356377164,-0.18401457067087162,0.5980799270853246,-1.258918122971666
-0.06912687502464714,-0.16383507382863052,-0.665464520373282,0.18089639754639902,0.7422820201324392,0.31889813379911397
-0.08507493952075404,0.043579791403240066,-0.19562419487297156,-0.4723845369494693,0.8864841131795538,-1.258918122971666
-0.08507493952075404,1.9722211682502886,2.3444901755195633,-0.4723845369494693,0.9826188418776302,1.107806262184504
-0.07040272018433569,-0.060033404786563244,0.9953786651344325,-0.4175060354772313,1.0306862062266684,-0.47000999458627596
-0.08507493952075404,-0.22351606096223592,-1.236839880760435,-0.4723845369494693,1.174888299273783,1.896714390569894
-0.07474059372727677,-0.22351606096223592,-0.0988349794327068,1.1373089850210834,1.2229556636228212,-1.258918122971666
-0.08507493952075404,0.12693692306756119,0.652192694294841,-0.4723845369494693,1.3671577566699358,-1.258918122971666
-0.04692716924606634,0.7639706827106368,-1.1460545083476275,0.16133379799431435,1.415225121018974,0.31889813379911397
-0.08507493952075404,-0.22351606096223592,-1.3112020735651033,-0.4723845369494693,1.463292485368012,1.896714390569894
-0.08507493952075404,-0.19621811689634494,-0.7368072004809535,-0.4723845369494693,0.694214655783401,0.31889813379911397
-0.08507493952075404,-0.07413009375343384,-1.2985441841142824,-0.4723845369494693,1.5594272140660885,1.896714390569894
0.08971584735657755,-0.1890983298726231,1.6874662489767065,-0.023567897232423394,-1.3726820112252411,-0.47000999458627596
-0.08507493952075404,-0.22351606096223592,-1.0663491902215068,-0.4723845369494693,-1.324614646876203,0.31889813379911397
-0.0732095795356505,-0.22351606096223592,-0.35490071633257214,0.14642371423977515,-1.2765472825271647,0.31889813379911397
-0.08048189694587525,-0.22351606096223592,1.324674489825054,-0.014190040287259514,-1.2284799181781265,-0.47000999458627596
-0.08507493952075404,-0.22351606096223592,-0.2711639170213343,-0.4723845369494693,-1.1804125538290884,0.31889813379911397
-0.08507493952075404,-0.22351606096223592,0.27560551138300743,-0.4723845369494693,-1.0362104607819738,-1.258918122971666
-0.08507493952075404,-0.22351606096223592,0.104756715712592,-0.4723845369494693,-0.843941003385821,-1.258918122971666
-0.08392667887703434,-0.22351606096223592,-0.7053041448403292,-0.2756792185438484,-0.6997389103387065,0.31889813379911397
-0.08507493952075404,-0.22351606096223592,-0.33056199927963426,-0.4723845369494693,-0.6516715459896683,0.31889813379911397
-0.08252324920137694,0.01339713316379772,-0.24396752664606441,-0.3735920481733404,-0.6036041816406301,0.31889813379911397
0.5120205952134882,-0.22351606096223592,0.2892584656740862,1.1775842812313657,-0.5555368172915919,-1.258918122971666
-0.08494735500478519,2.2968723329720495,-0.14295053830753365,-0.4697507695031442,-0.5074694529425537,-1.258918122971666
-0.07397508663146364,-0.22351606096223592,-0.9898863495269371,-0.26529615150950797,-0.3632673598954392,0.31889813379911397
0.046464696443135646,-0.22206250915433765,0.8813369277053159,0.18378060951215117,1.2710230279718593,-0.47000999458627596
-0.07844054469037356,-0.08276260596031892,0.12276231170696968,-0.2943460561035615,-0.21906526684832459,-1.258918122971666
-0.08214049565347037,-0.22351606096223592,-0.4196675204475564,-0.1341682239919296,-0.12293053815024821,0.31889813379911397
-0.08507493952075404,-0.22351606096223592,-1.1655237046036129,-0.4723845369494693,-0.07486317380121002,0.31889813379911397
0.009082433264261081,-0.22351606096223592,-0.7668757165943437,1.050450798262046,0.02127155489686636,0.31889813379911397
-0.08507493952075404,-0.22351606096223592,1.6626718256519866,-0.4723845369494693,0.06933891924590455,-0.47000999458627596
-0.03697557700049564,-0.22351606096223592,-0.4331151280397447,0.265591285110875,0.16547364794398092,0.31889813379911397
-0.08009914339796868,-0.13464889440492567,-1.296069098029696,-0.37754052096917246,0.2135410122930191,1.896714390569894
-0.08507493952075404,0.7064200820074488,1.4955815904818912,-0.4723845369494693,0.3577431053401337,-0.47000999458627596
-0.08507493952075404,-0.22351606096223592,0.9012891628508053,-0.4723845369494693,0.4538778340382101,-0.47000999458627596
-0.078057791142467,-0.22351606096223592,-1.0552567168128848,0.08452117210563054,-0.9400757320838974,0.31889813379911397
-0.08418184790897205,-0.22351606096223592,0.05786804371012165,-0.33139366951396065,0.5500125627362864,-1.258918122971666
-0.08392667887703434,-0.22351606096223592,-0.09233749186461335,-0.39847540628382794,0.5980799270853246,-1.258918122971666
-0.08456460145687862,-0.22351606096223592,-0.40960606795471494,-0.4484242454908662,0.7422820201324392,0.31889813379911397
-0.08507493952075404,-0.09680143651661766,-0.4893940151378921,-0.4723845369494693,0.8864841131795538,0.31889813379911397
-0.08507493952075404,0.4306854143091039,1.6658914732766577,-0.4723845369494693,0.9826188418776302,-0.47000999458627596
-0.0732095795356505,-0.22351606096223592,0.7823033201443219,-0.42348870785114534,1.0306862062266684,-1.258918122971666
-0.08507493952075404,-0.22351606096223592,0.4392088252500695,-0.4723845369494693,1.174888299273783,-1.258918122971666
-0.07116822728014882,-0.22351606096223592,-0.25176522730380857,1.7450389663645722,1.2229556636228212,0.31889813379911397
-0.08507493952075404,-0.20541318116358773,1.3950688070211146,-0.4723845369494693,1.3671577566699358,-0.47000999458627596
0.3166887012651709,-0.15282318252804122,-0.6451562305091699,5.261162529563272,1.415225121018974,0.31889813379911397
0.03766136484128464,-0.22351606096223592,-1.3211530407711427,-0.0058081303222629705,1.463292485368012,1.896714390569894
-0.08507493952075404,-0.0847618239672969,-0.5924983491829546,-0.4723845369494693,0.694214655783401,0.31889813379911397
-0.08507493952075404,-0.22351606096223592,-1.2564821329081337,-0.4723845369494693,1.5594272140660885,1.896714390569894
0.07772290285550516,-0.16019823412467182,2.2361537119625936,-0.09605110681224573,-1.3726820112252411,1.107806262184504
-0.08507493952075404,-0.20464247317022485,-1.1291239630859635,-0.4723845369494693,-1.324614646876203,0.31889813379911397
-0.07716469953068501,-0.22351606096223592,-0.35718557875789914,-0.058736727462752145,-1.2765472825271647,0.31889813379911397
-0.08214049565347037,-0.22351606096223592,1.3389478009824318,-0.23096039250280445,-1.2284799181781265,-0.47000999458627596
-0.08507493952075404,-0.22351606096223592,-0.3344210950566263,-0.4723845369494693,-1.1804125538290884,0.31889813379911397
-0.08507493952075404,-0.22351606096223592,0.5038591361518066,-0.4723845369494693,-1.0362104607819738,-1.258918122971666
-0.08507493952075404,-0.22351606096223592,-0.054322626076068366,-0.4723845369494693,-0.843941003385821,-1.258918122971666
-0.08469218597284747,-0.22351606096223592,-0.6367786847883132,-0.42300285298716406,-0.6997389103387065,0.31889813379911397
-0.08507493952075404,-0.22351606096223592,-0.5871685170151181,-0.4723845369494693,-0.6516715459896683,0.31889813379911397
-0.06364074083798638,-0.10800177816687465,-0.22672719445437242,0.30007592572313235,-0.6036041816406301,0.31889813379911397
0.7701240710184822,-0.22351606096223592,0.3961736742016073,1.645723040255023,-0.5555368172915919,-1.258918122971666
-0.08507493952075404,1.126095256545857,0.02351004177752906,-0.4723845369494693,-0.5074694529425537,-1.258918122971666
-0.04679958473009749,-0.22351606096223592,-0.9588213381499804,0.02425034881980502,-0.3632673598954392,0.31889813379911397
0.030899385494935316,-0.21818475071019225,0.877905782203266,0.058086681998827244,1.2710230279718593,-0.47000999458627596
-0.06172697309845354,-0.19356431705981061,0.2420632892146898,0.1275960374447387,-0.21906526684832459,-1.258918122971666
-0.08379909436106549,-0.22351606096223592,-0.5474721299094301,-0.33303967286785524,-0.12293053815024821,0.31889813379911397
-0.08507493952075404,-0.22351606096223592,-1.1353000086444502,-0.4723845369494693,-0.07486317380121002,0.31889813379911397
0.04250957644810114,-0.22351606096223592,-0.597766621173893,1.5320108069380691,0.02127155489686636,0.31889813379911397
-0.08507493952075404,-0.22351606096223592,1.9324445868152995,-0.4723845369494693,0.06933891924590455,1.107806262184504
-0.0274067383028315,-0.22351606096223592,0.029268916457319615,0.3724247454496432,0.16547364794398092,-1.258918122971666
-0.06580967760945691,-0.10587498622376229,-1.3094439477308402,-0.13421687717859582,0.2135410122930191,1.896714390569894
-0.08507493952075404,0.6670968285175141,2.6369439853970476,-0.4723845369494693,0.3577431053401337,1.107806262184504
-0.07410267114743249,-0.22351606096223592,0.04163358216480505,1.4958331139279022,0.4538778340382101,-1.258918122971666
-0.05279605698063368,-0.22351606096223592,-0.9458754243133087,1.4183000977803835,-0.9400757320838974,0.31889813379911397
-0.057899437619387886,-0.22351606096223592,-0.14102430494599721,3.3707310565208224,0.5500125627362864,0.31889813379911397
-0.08303358726525235,-0.22351606096223592,0.22292314217582349,-0.36013839769176714,0.5980799270853246,-1.258918122971666
-0.08456460145687862,-0.1993095092176068,-0.758911110472739,-0.4511869267836019,0.7422820201324392,0.31889813379911397
-0.08494735500478519,0.009164932432545903,-0.35939417646870797,-0.46389461611621857,0.8864841131795538,0.31889813379911397
-0.08507493952075404,0.9391215722953824,1.6803846573671868,-0.4723845369494693,0.9826188418776302,-0.47000999458627596
-0.0618545576144224,-0.21742278928364844,1.1975302683630666,-0.37527186503614796,1.0306862062266684,-0.47000999458627596
-0.08507493952075404,-0.22351606096223592,-1.254082582228877,-0.4723845369494693,1.174888299273783,1.896714390569894
-0.07844054469037356,-0.22351606096223592,-0.43850505129746287,0.5942114676774378,1.2229556636228212,0.31889813379911397
-0.08507493952075404,-0.20523537254782864,0.6608361302654062,-0.4723845369494693,1.3671577566699358,-1.258918122971666
-0.05649600794373048,0.3845050267512428,-0.657187115407518,0.10101494775730711,1.415225121018974,0.31889813379911397
0.09571231960711375,-0.11700755586784725,-1.2535366597888984,0.2306072693383911,1.463292485368012,1.896714390569894
-0.08507493952075404,0.15365078204125798,-0.7577906351949172,-0.4723845369494693,0.694214655783401,0.31889813379911397
-0.08507493952075404,-0.22351606096223592,-1.2464411371885933,-0.4723845369494693,1.5594272140660885,1.896714390569894
0.20785910914373742,-0.20845203457354486,1.9339308581374048,0.18604467838222688,-1.3726820112252411,1.107806262184504
-0.08507493952075404,-0.22351606096223592,-1.2571177912172398,-0.4723845369494693,-1.324614646876203,1.896714390569894
-0.06644760018930118,-0.22351606096223592,-0.44110846404296733,0.4696141141173356,-1.2765472825271647,0.31889813379911397
-0.0817577421055638,-0.22351606096223592,1.4944026937104578,-0.20888112292072564,-1.2284799181781265,-0.47000999458627596
-0.08507493952075404,-0.22351606096223592,-0.5000910352087576,-0.4723845369494693,-1.1804125538290884,0.31889813379911397
-0.6128920820839079,-0.22351606096223592,0.6946051841852015,-1.3755217191317977,-1.0362104607819738,-1.258918122971666
-0.08507493952075404,-0.22351606096223592,-0.1861874867497704,-0.4723845369494693,-0.843941003385821,-1.258918122971666
-0.0843094324249409,-0.22351606096223592,-0.6771371074958938,-0.40090619547016454,-0.6997389103387065,0.31889813379911397
-0.08507493952075404,-0.22351606096223592,-0.5962230503682587,-0.4723845369494693,-0.6516715459896683,0.31889813379911397
-0.024089540887641266,-0.05174734782484229,-0.6341031526731897,1.4197078356309216,-0.6036041816406301,0.31889813379911397
0.7054387214222726,-0.22351606096223592,0.4161709179828508,1.0227965128031753,-0.5555368172915919,-1.258918122971666
-0.08507493952075404,0.26445079085965456,0.007970012668601699,-0.4723845369494693,-0.5074694529425537,-1.258918122971666
0.12862912472707838,-0.22351606096223592,-0.8504916777359921,2.1764256837991023,-0.3632673598954392,0.31889813379911397
0.04378542160778969,-0.21879056177951997,1.0711040627843993,0.0500514107476698,1.2710230279718593,-0.47000999458627596
-0.04616166215025321,-0.10009690576251193,-0.34160008685066845,0.35170877649509735,-0.21906526684832459,0.31889813379911397
-0.08163015758959495,-0.22351606096223592,-0.773391507900882,-0.16593204394559036,-0.12293053815024821,0.31889813379911397
-0.08507493952075404,-0.22351606096223592,-1.1619529877206847,-0.4723845369494693,-0.07486317380121002,0.31889813379911397
0.1740492124119908,-0.22351606096223592,-0.3600192438275491,3.760346369716534,0.02127155489686636,0.31889813379911397
-0.08507493952075404,-0.22351606096223592,1.9087834301500544,-0.4723845369494693,0.06933891924590455,1.107806262184504
-0.010182828647036051,-0.22351606096223592,0.3564867973718922,0.5909362209055273,0.16547364794398092,-1.258918122971666
-0.06389590986992408,-0.07999866736728309,-1.2992394927197584,-0.09983967969648698,0.2135410122930191,1.896714390569894
-0.08507493952075404,0.6360697152135976,2.222723106123904,-0.4723845369494693,0.3577431053401337,1.107806262184504
-0.08507493952075404,-0.22351606096223592,0.2205692197297402,-0.4723845369494693,0.4538778340382101,-1.258918122971666
-0.06274764922620438,-0.22351606096223592,-1.0055946968296074,0.764631855344669,-0.9400757320838974,0.31889813379911397
-0.07218890340789967,-0.22351606096223592,0.2921318339564867,1.4362746448953323,0.5500125627362864,-1.258918122971666
-0.0766543614668096,-0.22351606096223592,0.006720004251898553,-0.012689871214932312,0.5980799270853246,-1.258918122971666
-0.061216635034578123,-0.22351606096223592,-0.6771974786288095,0.4174781771955819,0.7422820201324392,0.31889813379911397
-0.08507493952075404,-0.14389794500155562,-0.16459492771382567,-0.4723845369494693,0.8864841131795538,-1.258918122971666
-0.08507493952075404,0.8049802648969571,1.6319437597991029,-0.4723845369494693,0.9826188418776302,-0.47000999458627596
-0.040803112479561296,-0.21749157964411997,2.02315197227529,-0.2893204685941999,1.0306862062266684,1.107806262184504
-0.08073706597781297,-0.22351606096223592,-0.4575870380427539,-0.40416775996055226,1.174888299273783,0.31889813379911397
-0.06389590986992408,-0.22351606096223592,-0.20459655498862328,2.4312481680144566,1.2229556636228212,0.31889813379911397
-0.08507493952075404,-0.22064395475611778,1.4695001990076848,-0.4723845369494693,1.3671577566699358,-0.47000999458627596
0.09864676347439741,0.2209649479840147,-0.39340142413229373,3.030692534024951,1.415225121018974,0.31889813379911397
-0.08507493952075404,-0.19565026399279395,-1.2198500193753352,-0.4723845369494693,1.463292485368012,0.31889813379911397
-0.08507493952075404,-0.18401524191321858,-0.4686777459290046,-0.4723845369494693,0.694214655783401,0.31889813379911397
-0.08507493952075404,-0.22351606096223592,-1.3299008410167659,-0.4723845369494693,1.5594272140660885,1.896714390569894
0.3381228999479386,-0.09963628442354319,1.1489631803810538,0.3098590765480212,-1.3726820112252411,-0.47000999458627596
-0.08507493952075404,-0.22351606096223592,-1.065956391547431,-0.4723845369494693,-1.324614646876203,0.31889813379911397
-0.06376832535395523,-0.22351606096223592,-0.06800859228999238,0.5577938518799191,-1.2765472825271647,-1.258918122971666
-0.07882329823828013,-0.22351606096223592,1.3825997790542153,0.05331772236938461,-1.2284799181781265,-0.47000999458627596
-0.08507493952075404,-0.22351606096223592,-0.15299265803471931,-0.4723845369494693,-1.1804125538290884,-1.258918122971666
-0.42381182941806456,-0.22351606096223592,1.031187764986925,-0.9810664981461126,-1.0362104607819738,-0.47000999458627596
-0.08507493952075404,-0.22351606096223592,0.1671468484697682,-0.4723845369494693,-0.843941003385821,-1.258918122971666
-0.08188532662153265,-0.22351606096223592,-0.03765833976431329,-0.24210637496717313,-0.6997389103387065,-1.258918122971666
-0.08507493952075404,-0.22351606096223592,-0.29494233212638205,-0.4723845369494693,-0.6516715459896683,0.31889813379911397
-0.07767503759456044,-0.06160553633338881,0.06634911403542879,-0.12973842763648377,-0.6036041816406301,-1.258918122971666
0.6965078053044528,-0.22351606096223592,0.3312375082096272,0.901184790495989,-0.5555368172915919,-1.258918122971666
-0.08201291113750152,0.38491769400636333,0.19262539633195744,-0.4071432614115862,-0.5074694529425537,-1.258918122971666
-0.07333716405161936,-0.22351606096223592,-1.0284912947910774,-0.29047763090981177,-0.3632673598954392,0.31889813379911397
0.044678513219571676,-0.17864951002720775,1.0712859388222964,-0.018322765984217747,1.2710230279718593,-0.47000999458627596
-0.06606484664139461,-0.1450529197681832,-0.05520490312720852,-0.007030751276912512,-0.21906526684832459,-1.258918122971666
-0.07856812920634243,-0.22351606096223592,0.9590541576491566,0.0664925053052229,-0.12293053815024821,-0.47000999458627596
-0.08507493952075404,-0.22351606096223592,-1.195197056107917,-0.4723845369494693,-0.07486317380121002,0.31889813379911397
-0.06874412147674058,-0.22351606096223592,0.07074834597546394,-0.16221599071686033,0.02127155489686636,-1.258918122971666
-0.08507493952075404,-0.22351606096223592,1.5940578548904667,-0.4723845369494693,0.06933891924590455,-0.47000999458627596
0.1043880666929959,-0.22351606096223592,-0.014821152784212088,2.527291520451494,0.16547364794398092,-1.258918122971666
-0.078950882754249,-0.09855205008185695,-1.1118748685294186,-0.36733112501633475,0.2135410122930191,0.31889813379911397
-0.08507493952075404,0.6485123996338643,1.877407470493065,-0.4723845369494693,0.3577431053401337,1.107806262184504
-0.08507493952075404,-0.22351606096223592,0.7406575038661848,-0.4723845369494693,0.4538778340382101,-1.258918122971666
-0.0792060517861867,-0.22351606096223592,-0.9669396086584785,-0.21415353449533372,-0.9400757320838974,0.31889813379911397
-0.08303358726525235,-0.22351606096223592,0.2238053288292134,-0.19207731546199977,0.5500125627362864,-1.258918122971666
-0.07946122081812441,-0.22351606096223592,-0.1134454335798748,-0.21347326315061785,0.5980799270853246,-1.258918122971666
-0.08456460145687862,-0.1597203446615199,-0.6894769941708444,-0.4537626263931685,0.7422820201324392,0.31889813379911397
-0.08507493952075404,-0.17308906807741956,-0.13475974816545747,-0.4723845369494693,0.8864841131795538,-1.258918122971666
-0.08507493952075404,0.4814894775717007,2.088430514276587,-0.4723845369494693,0.9826188418776302,1.107806262184504
-0.07333716405161936,-0.21490878783893477,0.2616156685972883,-0.38570483737421996,1.0306862062266684,-1.258918122971666
-0.08481977048881632,-0.22351606096223592,-0.13217524059990848,-0.4688120488707355,1.174888299273783,-1.258918122971666
-0.07690953049874731,-0.22351606096223592,-0.08763468931143709,0.7003528129981064,1.2229556636228212,-1.258918122971666
-0.08507493952075404,-0.22351606096223592,0.4688569140037568,-0.4723845369494693,1.3671577566699358,-1.258918122971666
0.019927117121613772,0.491025746591509,-0.2168125218044875,2.2097479330255356,1.415225121018974,0.31889813379911397
-0.08507493952075404,-0.10636637756477042,-1.0872549427794012,-0.4723845369494693,1.463292485368012,0.31889813379911397
-0.08507493952075404,0.10020380394682958,-0.5987136964300801,-0.4723845369494693,0.694214655783401,0.31889813379911397
-0.08507493952075404,-0.22351606096223592,-1.2687894362845524,-0.4723845369494693,1.5594272140660885,1.896714390569894
0.4552454856073476,-0.18121352349249956,1.926684546753782,0.24725880691905372,-1.3726820112252411,1.107806262184504
-0.08507493952075404,-0.22351606096223592,-0.8947853056223788,-0.4723845369494693,-1.324614646876203,0.31889813379911397
-0.053433979560477955,-0.22351606096223592,-0.2476379361560171,1.3134218668693949,-1.2765472825271647,0.31889813379911397
-0.08481977048881632,-0.22351606096223592,1.1183171801803011,-0.4504209364457498,-1.2284799181781265,-0.47000999458627596
-0.08507493952075404,-0.22351606096223592,-0.22847068021150166,-0.4723845369494693,-1.1804125538290884,0.31889813379911397
-0.08507493952075404,-0.22351606096223592,1.0792616798624972,-0.4723845369494693,-1.0362104607819738,-0.47000999458627596
-0.08507493952075404,-0.22351606096223592,-0.39053287532391523,-0.4723845369494693,-0.843941003385821,0.31889813379911397
-0.0840542633930032,-0.22351606096223592,-0.6677710322581117,-0.4147221123937217,-0.6997389103387065,0.31889813379911397
-0.08507493952075404,-0.22351606096223592,-0.5799337008815272,-0.4723845369494693,-0.6516715459896683,0.31889813379911397
-0.07882329823828013,-0.17741511409633504,-0.6528551407466251,-0.2745692280931791,-0.6036041816406301,0.31889813379911397
1.0393273997127666,-0.22351606096223592,0.9326664538580173,1.271060090993953,-0.5555368172915919,-0.47000999458627596
-0.08507493952075404,1.1642779488801447,0.12024172524403369,-0.4723845369494693,-0.5074694529425537,-1.258918122971666
-0.07129581179611769,-0.22351606096223592,-0.568924203274469,-0.3326732944101437,-0.3632673598954392,0.31889813379911397
0.024647744212461412,-0.1485337824285867,1.6449566363446684,-0.09083639559917736,1.2710230279718593,-0.47000999458627596
-0.04794784537381718,-0.061323643742914276,-0.35728234879135506,0.2656717453571361,-0.21906526684832459,0.31889813379911397
-0.07333716405161936,-0.22351606096223592,-0.6242794368649497,1.029810139607556,-0.12293053815024821,0.31889813379911397
-0.08507493952075404,-0.22351606096223592,-1.2326825457133768,-0.4723845369494693,-0.07486317380121002,1.896714390569894
-0.06759586083302088,-0.22351606096223592,-0.186920416936766,0.1594896101871678,0.02127155489686636,0.31889813379911397
-0.08507493952075404,-0.22351606096223592,1.5660224508355252,-0.4723845369494693,0.06933891924590455,-0.47000999458627596
-0.07869571372231128,-0.22351606096223592,-0.3838185064031155,-0.3349769230697773,0.16547364794398092,0.31889813379911397
-0.05598566987985506,-0.10559567309328263,-0.9191388829971301,0.018112605533479927,0.2135410122930191,0.31889813379911397
-0.08507493952075404,4.007580657888033,1.899358201201276,-0.4723845369494693,0.3577431053401337,-0.47000999458627596
-0.07958880533409327,-0.22351606096223592,0.6355494824791786,0.8469701521001972,0.4538778340382101,-1.258918122971666
-0.07690953049874731,-0.22351606096223592,-0.9876058382810318,-0.19961849428850867,-0.9400757320838974,0.31889813379911397
-0.0766543614668096,0.43854272810229644,1.3163514954010274,-0.43442386146768275,0.5500125627362864,-0.47000999458627596
-0.08328875629719007,-0.22351606096223592,0.1622087378644234,-0.405263321243962,0.5980799270853246,-1.258918122971666
-0.08481977048881632,-0.22351606096223592,-0.6661144914841458,-0.46340123443095627,0.7422820201324392,0.31889813379911397
-0.08507493952075404,-0.002111470140655082,-0.5866481933748207,-0.4723845369494693,0.8864841131795538,0.31889813379911397
-0.08507493952075404,-0.22351606096223592,-1.3643944787951743,-0.4723845369494693,0.9826188418776302,1.896714390569894
-0.07193373437596196,-0.21575766877885735,0.5422934502190787,-0.4140693488429851,1.0306862062266684,-1.258918122971666
-0.08507493952075404,-0.22351606096223592,-0.3425013081435944,-0.4723845369494693,1.174888299273783,0.31889813379911397
-0.06210972664636011,-0.22351606096223592,-0.1876235416605271,1.9807312093659002,1.2229556636228212,0.31889813379911397
-0.08507493952075404,-0.22119258919752818,0.5256618188540781,-0.4723845369494693,1.3671577566699358,-1.258918122971666
-0.06262006471023553,0.43052634675322443,-0.038761125153553476,0.556215353516716,1.415225121018974,-1.258918122971666
-0.05828219116729445,-0.22351606096223592,-1.0555707857396628,-0.36957998361425026,1.463292485368012,0.31889813379911397
-0.029703259590270894,0.3861008247197216,-0.5574578854416533,1.5599530024909298,0.694214655783401,0.31889813379911397
-0.08507493952075404,-0.22351606096223592,2.819396336744277,-0.4723845369494693,1.5594272140660885,2.685622518955284
0.40535993986352525,-0.20313804544911784,1.4097873113516768,0.11896090176964096,-1.3726820112252411,-0.47000999458627596
-0.08507493952075404,-0.22351606096223592,-1.0571774873738666,-0.4723845369494693,-1.324614646876203,0.31889813379911397
-0.06325798729007981,-0.22351606096223592,-0.22489692257208094,0.6296419699173358,-1.2765472825271647,0.31889813379911397
-0.08303358726525235,-0.22351606096223592,1.8255039005296096,-0.36897258457779003,-1.2284799181781265,1.107806262184504
-0.08507493952075404,-0.22351606096223592,-0.36072854600205373,-0.4723845369494693,-1.1804125538290884,0.31889813379911397
-0.08507493952075404,-0.22351606096223592,0.6339149357136771,-0.4723845369494693,-1.0362104607819738,-1.258918122971666
-0.08507493952075404,-0.22351606096223592,-0.43029701596170855,-0.4723845369494693,-0.843941003385821,0.31889813379911397
-0.07831296017440471,-0.22351606096223592,-0.7773764443687159,-0.10811991210301249,-0.6997389103387065,0.31889813379911397
-0.08507493952075404,-0.22351606096223592,-0.6670960095385993,-0.4723845369494693,-0.6516715459896683,0.31889813379911397
-0.069254459540616,-0.20563477536749147,-0.7330864009508933,0.013031819924533247,-0.6036041816406301,0.31889813379911397
1.032820589398355,-0.22351606096223592,0.6598866397991846,1.6597210653493626,-0.5555368172915919,-1.258918122971666
-0.07844054469037356,0.44451235691340624,0.01026528580122141,-0.33284548732925034,-0.5074694529425537,-1.258918122971666
0.22521060331550175,-0.22351606096223592,-0.654496743192094,2.77779731803866,-0.3632673598954392,0.31889813379911397
-0.016944807993385373,-0.15204221588665223,1.3268268466096478,-0.20712449660079185,1.2710230279718593,-0.47000999458627596
-0.07193373437596196,-0.17486518569825926,-0.08523814133384687,-0.25297683941321897,-0.21906526684832459,-1.258918122971666
-0.0843094324249409,-0.22351606096223592,-0.21917525968602591,-0.3802099219056616,-0.12293053815024821,0.31889813379911397
-0.08507493952075404,-0.22351606096223592,-1.0975805383887611,-0.4723845369494693,-0.07486317380121002,0.31889813379911397
-0.06402349438589293,-0.22351606096223592,-0.6496922067638498,0.0784452317736887,0.02127155489686636,0.31889813379911397
-0.08507493952075404,-0.22351606096223592,2.4555023780159018,-0.4723845369494693,0.06933891924590455,1.107806262184504
0.07083333899318699,-0.22351606096223592,0.08737609642775537,2.396930258846756,0.16547364794398092,-1.258918122971666
-0.07818537565843586,-0.016856827968809208,-0.9160735301006981,-0.3560460905313301,0.2135410122930191,0.31889813379911397
-0.08507493952075404,0.27992294601088585,1.7963722333850776,-0.4723845369494693,0.3577431053401337,-0.47000999458627596
-0.08379909436106549,-0.22351606096223592,-0.2446315574590496,-0.17495468725196295,0.4538778340382101,0.31889813379911397
-0.07295441050371279,-0.2012580732651129,-1.0029675235260593,-0.16377295133765152,-0.9400757320838974,0.31889813379911397
-0.07818537565843586,0.3775531659334195,1.9779121489657,-0.44446395611885736,0.5500125627362864,1.107806262184504
-0.05904769826310758,-0.22351606096223592,-0.20529199200244796,0.5115809714300765,0.5980799270853246,0.31889813379911397
-0.08418184790897205,-0.22351606096223592,-0.8108288416416257,-0.44127453456467436,0.7422820201324392,0.31889813379911397
-0.08137498855765724,-0.09556652509242533,-0.7033225512950317,-0.24029121209952334,0.8864841131795538,0.31889813379911397
-0.08507493952075404,-0.22351606096223592,-1.3643944787951743,-0.4723845369494693,0.9826188418776302,1.896714390569894
-0.06427866341783064,-0.21117943623000182,1.0003928422199249,-0.39234303107754515,1.0306862062266684,-0.47000999458627596
-0.07193373437596196,-0.22351606096223592,-0.37512643202986296,-0.3223545978320828,1.174888299273783,0.31889813379911397
-0.08124740404168838,-0.22351606096223592,-0.20128933979230396,-0.02021891524334118,1.2229556636228212,0.31889813379911397
-0.08507493952075404,-0.21956851163695773,-0.24633358134907765,-0.4723845369494693,1.3671577566699358,0.31889813379911397
-0.08086465049378182,0.5011658762449281,-0.6153685695418882,-0.3061792615254941,1.415225121018974,0.31889813379911397
-0.08265083371734579,-0.22351606096223592,-0.9390276983080783,-0.462857247124718,1.463292485368012,0.31889813379911397
0.062157591907304834,0.13418081011353042,-0.9465703818102793,4.412375155295039,0.694214655783401,1.896714390569894
-0.08507493952075404,-0.01952282749949985,-1.2138281981959538,-0.4723845369494693,1.5594272140660885,0.31889813379911397
0.5825748325442651,-0.2001006589015595,1.9470141037101685,0.1818937064728751,-1.3726820112252411,1.107806262184504
-0.08507493952075404,-0.22351606096223592,-1.3643944787951743,-0.4723845369494693,-1.324614646876203,1.896714390569894
-0.0720613188919308,0.0038404702079652677,0.49012781276893597,0.30868235871485655,-1.2765472825271647,-1.258918122971666
-0.08507493952075404,-0.22351606096223592,-1.3643944787951743,-0.4723845369494693,-1.2284799181781265,1.896714390569894
-0.08507493952075404,-0.22351606096223592,-0.18946071165270156,-0.4723845369494693,-1.1804125538290884,-1.258918122971666
-0.08507493952075404,-0.22351606096223592,0.047888962607787,-0.4723845369494693,-1.0362104607819738,-1.258918122971666
-0.08507493952075404,-0.22351606096223592,0.36759208774066304,-0.4723845369494693,-0.843941003385821,-1.258918122971666
-0.08507493952075404,-0.22351606096223592,-1.3643944787951743,-0.4723845369494693,-0.6997389103387065,1.896714390569894
-0.08507493952075404,-0.22351606096223592,-0.6394445185163556,-0.4723845369494693,-0.6516715459896683,0.31889813379911397
-0.07844054469037356,-0.21608267792248567,-0.4274155361339275,-0.30314032173182365,-0.6036041816406301,0.31889813379911397
-0.08507493952075404,-0.22351606096223592,-1.3643944787951743,-0.4723845369494693,-0.5555368172915919,1.896714390569894
-0.08507493952075404,-0.017540468364990826,0.18322556519074062,-0.4723845369494693,-0.5074694529425537,-1.258918122971666
-0.04641683118219092,-0.22351606096223592,-0.6175436132059489,0.10431156554044783,-0.3632673598954392,0.31889813379911397
-0.08239566468540808,-0.19265313897250827,1.4931989196628588,-0.4622495712826383,1.2710230279718593,-0.47000999458627596
-0.07997155888199983,-0.1140273306717801,-0.03177180140519396,-0.3595857402708543,-0.21906526684832459,-1.258918122971666
-0.08073706597781297,-0.22351606096223592,0.1700031308158715,-0.1010117358650621,-0.12293053815024821,-1.258918122971666
-0.08507493952075404,-0.22351606096223592,-1.3643944787951743,-0.4723845369494693,-0.07486317380121002,1.896714390569894
-0.0706578892162734,-0.22351606096223592,-0.5896421752732172,-0.08513707860519984,0.02127155489686636,0.31889813379911397
-0.08507493952075404,-0.22351606096223592,2.5435344985566024,-0.4723845369494693,0.06933891924590455,1.107806262184504
-0.06478900148170606,-0.22351606096223592,-0.07798905925941504,-0.05173072997884823,0.16547364794398092,-1.258918122971666
-0.08303358726525235,-0.09582301200443895,-0.904570988828801,-0.4452765494345631,0.2135410122930191,0.31889813379911397
-0.08507493952075404,-0.22351606096223592,2.0934669558363472,-0.4723845369494693,0.3577431053401337,1.107806262184504
-0.0778026221105293,0.2041059658760366,-0.2982818149862949,0.5948476152719183,0.4538778340382101,0.31889813379911397
-0.06376832535395523,-0.13859941545346807,-0.766021323742989,0.005243625144156269,-0.9400757320838974,0.31889813379911397
-0.08392667887703434,1.4259289779220736,1.9350285423193427,-0.4678455250865083,0.5500125627362864,1.107806262184504
-0.0695096285725537,-0.22351606096223592,-0.37561558705490383,0.05207885198403591,0.5980799270853246,0.31889813379911397
0.02579600485618111,0.07308456579244964,-0.9508802702825542,4.434298250708188,0.694214655783401,1.896714390569894
-0.030723935718021733,-0.12261220508261321,-0.35068547948035766,1.0960272331893872,0.7422820201324392,0.31889813379911397
-0.04373755634684496,0.0507597874345701,-0.31844677491031154,1.2962327833779022,0.8864841131795538,0.31889813379911397
-0.07078547373224225,-0.209992348373709,0.6603219807889598,-0.3776431163717345,1.0306862062266684,-1.258918122971666
-0.08507493952075404,-0.22351606096223592,-1.3643944787951743,-0.4723845369494693,1.1268209349247447,1.896714390569894
0.3432262805866928,-0.22351606096223592,1.2135300033072345,5.413427677189708,1.174888299273783,-0.47000999458627596
-0.08073706597781297,0.5398880245560048,-0.022423839848558048,0.02173216976335616,1.2229556636228212,-1.258918122971666
-0.08507493952075404,-0.22014129930189175,-0.22483071413091385,-0.4723845369494693,1.3671577566699358,0.31889813379911397
-0.07844054469037356,0.6298141328292736,-0.1860483313805821,0.05271629896314459,1.415225121018974,0.31889813379911397
-0.08507493952075404,-0.22351606096223592,-1.3643944787951743,-0.4723845369494693,1.463292485368012,1.896714390569894
-0.08507493952075404,-0.22351606096223592,-1.3643944787951743,-0.4723845369494693,1.5594272140660885,1.896714390569894
0.7070973201298677,-0.19622663495493994,1.3273034567227786,0.41081890346397426,-1.3726820112252411,-0.47000999458627596
-0.08507493952075404,-0.22351606096223592,-1.3643944787951743,-0.4723845369494693,-1.324614646876203,1.896714390569894
-0.06606484664139461,-0.07463870356396964,0.3788516943462638,0.6068016741822191,-1.2284799181781265,-1.258918122971666
-0.08507493952075404,-0.22351606096223592,-0.35719789830118026,-0.4723845369494693,-1.1804125538290884,0.31889813379911397
-0.08507493952075404,-0.22351606096223592,-0.27884069682989315,-0.4723845369494693,-1.0362104607819738,0.31889813379911397
-0.08507493952075404,-0.22351606096223592,0.579793982263391,-0.4723845369494693,-0.843941003385821,-1.258918122971666
-0.08481977048881632,-0.22351606096223592,-1.118930871625324,-0.4578232711657126,-0.6997389103387065,0.31889813379911397
-0.08507493952075404,-0.22351606096223592,-0.5422383170161774,-0.4723845369494693,-0.6516715459896683,0.31889813379911397
-0.07014755115239799,-0.17691964646827407,-0.5364255245858142,-0.07454211643842053,-0.6036041816406301,0.31889813379911397
0.7953858051803155,-0.22351606096223592,0.7318856716122528,1.2462471224679048,-0.5555368172915919,-1.258918122971666
-0.08507493952075404,0.0007693018142000596,0.07399711298116991,-0.4723845369494693,-0.5074694529425537,-1.258918122971666
-0.014520702189977126,-0.22351606096223592,-0.3554236012821533,0.40273773629830606,-0.3632673598954392,0.31889813379911397
-0.08048189694587525,-0.20345148157071152,1.8835604197168465,-0.45481404047518315,1.2710230279718593,1.107806262184504
-0.07958880533409327,-0.11072913424192962,-0.3980429813730414,-0.36062165428387033,-0.21906526684832459,0.31889813379911397
-0.08354392532912777,-0.19922305724709025,-0.033550543185482236,-0.3447446414507108,-0.12293053815024821,-1.258918122971666
-0.08507493952075404,-0.22351606096223592,-1.0608021943227193,-0.4723845369494693,-0.07486317380121002,0.31889813379911397
-0.029320506042364327,-0.22351606096223592,-0.36766262702189256,0.9069090914619411,0.02127155489686636,0.31889813379911397
-0.08507493952075404,-0.22351606096223592,2.0377534928305403,-0.4723845369494693,0.06933891924590455,1.107806262184504
0.18081119175834012,-0.22351606096223592,-0.21080474711665204,4.156259182688316,0.16547364794398092,0.31889813379911397
-0.08277841823331465,-0.11923766663649138,-0.9073417006269989,-0.44194577013736475,0.2135410122930191,0.31889813379911397
-0.08507493952075404,-0.22351606096223592,1.7130988512341845,-0.4723845369494693,0.3577431053401337,-0.47000999458627596
-0.08507493952075404,0.09885555231931804,-0.3465369976054816,-0.4723845369494693,0.4538778340382101,0.31889813379911397
0.09239512219192351,-0.1754847013747995,-1.0354816548831638,3.1842874133606722,-0.9400757320838974,1.896714390569894
0.22878296976262968,2.8561547961000335,1.2291739340055,0.8832087777715252,0.5500125627362864,-0.47000999458627596
-0.08494735500478519,0.04002417405603427,0.1119441837118922,-0.46794643209902564,0.5980799270853246,-1.258918122971666
0.05641628868870635,-0.027161736971643043,-0.9074685634103029,5.48665147914905,0.694214655783401,1.896714390569894
-0.05381673310838452,-0.22351606096223592,-0.24264772654930816,0.5631046815007233,0.7422820201324392,0.31889813379911397
-0.08507493952075404,0.13852805892154801,-0.12950138324078797,-0.4723845369494693,0.8864841131795538,-1.258918122971666
-0.015158624769821402,-0.2133000591328909,-0.5151248792987808,0.34469482880254554,1.0306862062266684,0.31889813379911397
-0.08507493952075404,-0.22351606096223592,-1.3643944787951743,-0.4723845369494693,1.1268209349247447,1.896714390569894
-0.08507493952075404,-0.22351606096223592,1.2020768834606497,-0.4723845369494693,1.174888299273783,-0.47000999458627596
-0.07690953049874731,-0.22351606096223592,-0.3805953742561884,0.4312607409178473,1.2229556636228212,0.31889813379911397
-0.08507493952075404,1.7373799155086975,-0.04308496435053364,-0.4723845369494693,1.3671577566699358,-1.258918122971666
-0.08124740404168838,0.35590405862461494,-0.35786555776193524,-0.12643231631525045,1.415225121018974,0.31889813379911397
0.06343343706699339,-0.22351606096223592,-0.9092703668827046,0.043084271795516806,1.463292485368012,0.31889813379911397
-0.08507493952075404,-0.22351606096223592,-1.3643944787951743,-0.4723845369494693,1.5594272140660885,1.896714390569894
0.6148537150843855,-0.20421144858862614,1.2873479194071453,0.15424252472894023,-1.3726820112252411,-0.47000999458627596
-0.08507493952075404,-0.22351606096223592,-1.3643944787951743,-0.4723845369494693,-1.324614646876203,1.896714390569894
-0.06159938858248468,0.06822226043581545,0.364629251301953,1.0945253506067727,-1.2284799181781265,-1.258918122971666
-0.08507493952075404,-0.22351606096223592,-0.37906235126601034,-0.4723845369494693,-1.1804125538290884,0.31889813379911397
-0.08507493952075404,-0.22351606096223592,-0.3232100608389693,-0.4723845369494693,-1.0362104607819738,0.31889813379911397
-0.04450306344265809,-0.12221146165366885,0.5540705799272845,0.7030515352838432,-0.9400757320838974,-1.258918122971666
-0.08507493952075404,-0.22351606096223592,0.35640646464916353,-0.4723845369494693,-0.843941003385821,-1.258918122971666
-0.08494735500478519,-0.22351606096223592,-0.8836323179214173,-0.46550315010033727,-0.6997389103387065,0.31889813379911397
-0.08507493952075404,-0.22351606096223592,-0.6058336370297673,-0.4723845369494693,-0.6516715459896683,0.31889813379911397
-0.07856812920634243,-0.2094136952948397,-0.5282145867053268,-0.3149296554945392,-0.6036041816406301,0.31889813379911397
0.7202385252746598,-0.22351606096223592,0.8104763542936704,0.9954463557559731,-0.5555368172915919,-1.258918122971666
-0.08507493952075404,-0.04675155471910328,0.23769341539554145,-0.4723845369494693,-0.5074694529425537,-1.258918122971666
-0.07397508663146364,-0.22351606096223592,-0.74567147807156,-0.2538378197915074,-0.3632673598954392,0.31889813379911397
-0.08507493952075404,-0.22351606096223592,-1.3643944787951743,-0.4723845369494693,-0.315199995546401,1.896714390569894
-0.078950882754249,-0.17222447804334415,2.1155810593638082,-0.44788495688892566,1.2710230279718593,1.107806262184504
-0.08099223500975067,-0.16686671856168425,-0.457188475183349,-0.4002279233018772,-0.21906526684832459,0.31889813379911397
-0.08507493952075404,-0.22351606096223592,0.5392593025254989,-0.4723845369494693,-0.12293053815024821,-1.258918122971666
-0.08507493952075404,-0.22351606096223592,-1.127520264185722,-0.4723845369494693,-0.07486317380121002,0.31889813379911397
-0.03378596410127426,-0.22351606096223592,-0.25566269976539213,1.1963511345498166,0.02127155489686636,0.31889813379911397
-0.08507493952075404,-0.22351606096223592,1.6870520739202302,-0.4723845369494693,0.06933891924590455,-0.47000999458627596
-0.06351315632201751,-0.22351606096223592,-0.08274398435172013,0.006062853338969388,0.16547364794398092,-1.258918122971666
-0.08367150984509664,-0.12010127826716702,-0.9158748802167599,-0.4532276058068598,0.2135410122930191,0.31889813379911397
-0.08507493952075404,-0.22351606096223592,2.5521372684827233,-0.4723845369494693,0.3577431053401337,1.107806262184504
-0.08507493952075404,-0.010804562136082026,0.10967219492164394,-0.4723845369494693,0.4538778340382101,-1.258918122971666
-0.08086465049378182,2.8233668620114996,0.7028809906637726,-0.4442179188178174,0.5500125627362864,-1.258918122971666
-0.08456460145687862,-0.22351606096223592,-0.10714223035090936,-0.45565584815539867,0.5980799270853246,-1.258918122971666
0.03817170290516006,0.22843163231550773,-0.9510696411794648,5.320239445349891,0.694214655783401,1.896714390569894
-0.0840542633930032,-0.20090289261037161,-0.11259536510318426,-0.4327799594454219,0.7422820201324392,-1.258918122971666
-0.08507493952075404,0.2459949685625812,-0.14788239524315086,-0.4723845369494693,0.8864841131795538,-1.258918122971666
-0.011713842838662312,-0.20395947589675792,0.7510774546927257,0.5123401801066197,1.0306862062266684,-1.258918122971666
-0.08507493952075404,-0.22351606096223592,-1.3643944787951743,-0.4723845369494693,1.1268209349247447,1.896714390569894
-0.08507493952075404,0.17156860739637714,0.9077319950844306,-0.4723845369494693,1.174888299273783,-0.47000999458627596
-0.07703711501471616,-0.22351606096223592,0.038314869196370865,0.27178777816095473,1.2229556636228212,-1.258918122971666
-0.08507493952075404,0.19201588678554532,-0.358888717533534,-0.4723845369494693,1.3671577566699358,0.31889813379911397
-0.08239566468540808,0.47166108937683837,0.0016965474527700576,-0.22653725395264682,1.415225121018974,-1.258918122971666
0.07453328995628379,-0.22351606096223592,-0.6427491103106324,0.0745204640695485,1.463292485368012,0.31889813379911397
-0.08507493952075404,-0.22351606096223592,-1.3643944787951743,-0.4723845369494693,1.5594272140660885,1.896714390569894
0.5043655242553569,-0.20668866219594847,1.2062490323446038,0.020941285575681572,-1.3726820112252411,-0.47000999458627596
-0.08507493952075404,-0.22351606096223592,-0.7050265522030775,-0.4723845369494693,-1.324614646876203,0.31889813379911397
-0.06989238212046027,0.14800208707697923,0.2712769017530204,0.5464352498507012,-1.2284799181781265,-1.258918122971666
-0.08507493952075404,-0.22351606096223592,-0.2976931154653617,-0.4723845369494693,-1.1804125538290884,0.31889813379911397
-0.08507493952075404,-0.22351606096223592,-0.07520615683149239,-0.4723845369494693,-1.0362104607819738,-1.258918122971666
-0.06938204405658485,-0.15168374921652217,-0.5891383941359349,0.3013267417356267,-0.9400757320838974,0.31889813379911397
-0.08507493952075404,-0.22351606096223592,0.37674331524735716,-0.4723845369494693,-0.843941003385821,-1.258918122971666
-0.08507493952075404,-0.22351606096223592,-0.6851652486732528,-0.4723845369494693,-0.6997389103387065,0.31889813379911397
-0.08507493952075404,-0.22351606096223592,-0.7317864364660416,-0.4723845369494693,-0.6516715459896683,0.31889813379911397
-0.05088228924110085,-0.18210753190232853,-0.3405203465832063,0.33745192123394135,-0.6036041816406301,0.31889813379911397
0.5335823784122247,-0.22351606096223592,1.1384089555007473,0.37148251866991294,-0.5555368172915919,-0.47000999458627596
-0.08507493952075404,-0.008426606834269261,0.456759898174662,-0.4723845369494693,-0.5074694529425537,-1.258918122971666
-0.0732095795356505,-0.22351606096223592,-0.6851923971802427,-0.23900184969609395,-0.3632673598954392,0.31889813379911397
-0.08507493952075404,-0.22351606096223592,-1.3643944787951743,-0.4723845369494693,-0.315199995546401,1.896714390569894
-0.07997155888199983,-0.1856700972540938,2.218041607657631,-0.45397253397192466,1.2710230279718593,1.107806262184504
-0.08099223500975067,-0.14774137429041131,-0.3930186126919282,-0.40602885417996987,-0.21906526684832459,0.31889813379911397
-0.08494735500478519,-0.22351606096223592,0.33981374915622387,-0.4616041403701823,-0.12293053815024821,-1.258918122971666
-0.08507493952075404,-0.22351606096223592,-1.2150844719952534,-0.4723845369494693,-0.07486317380121002,0.31889813379911397
-0.0806094814618441,-0.22351606096223592,-0.16638158490251817,-0.3151767428754907,0.02127155489686636,-1.258918122971666
-0.08507493952075404,-0.22351606096223592,2.029275828758244,-0.4723845369494693,0.06933891924590455,1.107806262184504
-0.039910020867779304,-0.22351606096223592,0.14403311333478394,0.49962425544734534,0.16547364794398092,-1.258918122971666
-0.0803543124299064,-0.12460925207271804,-0.9740335132932706,-0.40562079808894247,0.2135410122930191,0.31889813379911397
-0.08507493952075404,-0.22351606096223592,1.9341906927615473,-0.4723845369494693,0.3577431053401337,1.107806262184504
-0.08507493952075404,-0.05820398124154274,0.21910120252371076,-0.4723845369494693,0.4538778340382101,-1.258918122971666
-0.08328875629719007,2.941039201855935,0.8364864843268718,-0.4606634820779566,0.5500125627362864,-1.258918122971666
-0.0829060027492835,-0.22351606096223592,0.13333106440132542,-0.404720836110409,0.5980799270853246,-1.258918122971666
0.009337602296198792,0.20976463543666365,-1.0296912135520182,4.056209015677714,0.694214655783401,1.896714390569894
-0.08252324920137694,-0.21186074732234422,-0.2221440733645955,-0.37031927895411754,0.7422820201324392,0.31889813379911397
-0.08507493952075404,0.1633152083872175,-0.2971915440458028,-0.4723845369494693,0.8864841131795538,0.31889813379911397
-0.054837409236135365,-0.20006793419566357,0.17271757508311647,0.338687114009778,1.0306862062266684,-1.258918122971666
-0.08507493952075404,-0.22351606096223592,-1.3643944787951743,-0.4723845369494693,1.1268209349247447,1.896714390569894
-0.08392667887703434,-0.08545027530105619,0.3793234795081423,-0.20035093016930075,1.174888299273783,-1.258918122971666
-0.07269924147177509,-0.22351606096223592,0.06527368450307006,0.5960016692100104,1.2229556636228212,-1.258918122971666
-0.08507493952075404,0.07374637596065362,-0.5195172148173877,-0.4723845369494693,1.3671577566699358,0.31889813379911397
-0.039654851835841595,-0.10531847396756223,-1.2427417690017584,0.44881262252266696,1.415225121018974,1.896714390569894
0.2054350033403292,-0.22351606096223592,-0.6832837064263907,0.46026862179310923,1.463292485368012,0.31889813379911397
-0.08507493952075404,-0.22351606096223592,-1.1683275291370523,-0.4723845369494693,1.5594272140660885,0.31889813379911397
0.3166887012651709,-0.20392285703294508,0.8963248073497507,-0.08086538984148961,-1.3726820112252411,-0.47000999458627596
-0.08507493952075404,-0.22351606096223592,-0.49710504349689993,-0.4723845369494693,-1.324614646876203,0.31889813379911397
-0.07116822728014882,-0.0565568717926893,0.4932086433043419,0.41297219273737346,-1.2765472825271647,-1.258918122971666
-0.08507493952075404,-0.22351606096223592,-0.31112769415082436,-0.4723845369494693,-1.1804125538290884,0.31889813379911397
-0.08507493952075404,-0.22351606096223592,-0.024763624648721488,-0.4723845369494693,-1.0362104607819738,-1.258918122971666
-0.04501340150653351,-0.02666269158750252,-0.7968692776371068,1.6094831560326548,-0.9400757320838974,0.31889813379911397
-0.08507493952075404,-0.22351606096223592,0.07058897739437492,-0.4723845369494693,-0.843941003385821,-1.258918122971666
-0.08214049565347037,-0.22351606096223592,-1.0107160871427283,-0.3000428464487974,-0.6997389103387065,0.31889813379911397
-0.08507493952075404,-0.22351606096223592,-0.3289540121182874,-0.4723845369494693,-0.6516715459896683,0.31889813379911397
-0.07946122081812441,-0.11399414640275565,-0.44105034861600834,-0.3317194166774727,-0.6036041816406301,0.31889813379911397
0.025413251308274543,-0.22351606096223592,1.478005516962457,-0.2834449274239046,-0.5555368172915919,-0.47000999458627596
-0.08507493952075404,-0.022852728845521985,0.5999630550250398,-0.4723845369494693,-0.5074694529425537,-1.258918122971666
-0.021155097020357595,-0.22351606096223592,-0.6164114669094748,0.6050033361470597,-0.3632673598954392,0.31889813379911397
-0.0766543614668096,-0.1920473303830465,2.1766011933804212,-0.43990654979290733,-0.2671326311973628,1.107806262184504
-0.07844054469037356,-0.16269045125134488,-0.2747988124760089,-0.37346416145647815,-0.21906526684832459,0.31889813379911397
-0.0843094324249409,-0.22351606096223592,0.6645739939440799,-0.4179040937487797,-0.12293053815024821,-1.258918122971666
-0.08507493952075404,-0.22351606096223592,-1.1826200915103406,-0.4723845369494693,-0.07486317380121002,0.31889813379911397
0.05182324611382756,-0.22351606096223592,-0.3808557836520559,3.4349485861805222,-0.026795809452171828,0.31889813379911397
-0.08507493952075404,-0.22351606096223592,1.759839549242168,-0.4723845369494693,0.06933891924590455,-0.47000999458627596
-0.06861653696077172,-0.22351606096223592,0.04093763559176512,-0.06909963269691893,0.16547364794398092,-1.258918122971666
-0.08392667887703434,-0.11739573110809129,-1.0192878037954805,-0.45630062340354205,0.2135410122930191,0.31889813379911397
-0.08507493952075404,-0.22351606096223592,1.5264235464635947,-0.4723845369494693,0.3577431053401337,-0.47000999458627596
-0.08188532662153265,0.01842645571299536,-0.2504176559584506,-0.09404812583356946,0.4538778340382101,0.31889813379911397
-0.08163015758959495,4.023136530109621,0.9640105195748186,-0.4512283821021815,0.5500125627362864,-0.47000999458627596
-0.08469218597284747,-0.1593227921122195,-0.1452816058867705,-0.46033870823531364,0.5980799270853246,-1.258918122971666
-0.015924131865634534,0.25104494184526094,-0.8852044842246674,3.0469887444625194,0.694214655783401,0.31889813379911397
-0.0755061008230899,0.17959381774309294,0.714385034036203,-0.32849776992883845,0.7422820201324392,-1.258918122971666
-0.08507493952075404,0.03961898895036713,-0.3407009813759469,-0.4723845369494693,0.8864841131795538,0.31889813379911397
-0.06734069180108317,-0.18658190146771583,-0.252755579752294,0.08957753689800568,1.0306862062266684,0.31889813379911397
-0.08507493952075404,1.8664047270522666,2.364622941032851,-0.4723845369494693,1.1268209349247447,1.107806262184504
-0.08507493952075404,20.809110839782306,2.819396336744277,-0.4723845369494693,1.1268209349247447,1.107806262184504
-0.08239566468540808,0.12118196472564187,-0.9064389976347749,0.16150278191260822,1.174888299273783,0.31889813379911397
-0.0732095795356505,-0.22351606096223592,-0.250303336084307,0.6017309228448915,1.2229556636228212,0.31889813379911397
-0.08507493952075404,0.2035823708663546,0.7588194612588596,-0.4723845369494693,1.3671577566699358,-1.258918122971666
-0.003420849300686726,-0.2086557907024614,-1.2589770871423451,1.6097110493978866,1.415225121018974,1.896714390569894
-0.08507493952075404,-0.22351606096223592,-1.3643944787951743,-0.4723845369494693,1.463292485368012,1.896714390569894
-0.08507493952075404,-0.22351606096223592,-1.3643944787951743,-0.4723845369494693,1.5594272140660885,1.896714390569894
0.7035249536827398,-0.20720316197992242,0.9756247677994733,0.10096985364371326,-1.3726820112252411,-0.47000999458627596
-0.08507493952075404,-0.22351606096223592,-0.5087453611416877,-0.4723845369494693,-1.324614646876203,0.31889813379911397
-0.07614402340293418,-0.20564104070932565,-0.15939235883251532,0.07547415956762638,-1.2765472825271647,-1.258918122971666
-0.08507493952075404,-0.22351606096223592,-0.2742831264169957,-0.4723845369494693,-1.1804125538290884,0.31889813379911397
-0.08507493952075404,-0.22351606096223592,-0.21668911831656673,-0.4723845369494693,-1.0362104607819738,-1.258918122971666
-0.07946122081812441,-0.11180370811156604,-0.6665870325537403,-0.11368848025587802,-0.9400757320838974,0.31889813379911397
-0.08507493952075404,-0.22351606096223592,0.18830782565120746,-0.4723845369494693,-0.843941003385821,-1.258918122971666
-0.05011678214528772,-0.22351606096223592,-1.201196964713848,1.6979463102723278,-0.6997389103387065,1.896714390569894
-0.08507493952075404,-0.22351606096223592,0.18576683566022908,-0.4723845369494693,-0.6516715459896683,-1.258918122971666
-0.06083388148667156,-0.1561048481863949,-0.5031883822768495,0.150729033059886,-0.6036041816406301,0.31889813379911397
-0.027789491850738066,-0.12532877621858968,0.7784035255067538,-0.3345057248953733,-0.5555368172915919,-1.258918122971666
-0.08507493952075404,0.03246990186209062,0.35320827381437975,-0.4723845369494693,-0.5074694529425537,-1.258918122971666
0.09826400992649086,-0.22351606096223592,-0.24769990195839112,2.453617534203701,-0.3632673598954392,0.31889813379911397
-0.07525093179115219,-0.16367171772089012,-0.35959103822884486,-0.33787702214179194,-0.21906526684832459,0.31889813379911397
-0.08494735500478519,-0.20942343449764866,0.3229907672511237,-0.4662141000123746,-0.12293053815024821,-1.258918122971666
-0.08507493952075404,-0.22351606096223592,-1.2652965468208868,-0.4723845369494693,-0.07486317380121002,1.896714390569894
-0.003165680268749016,-0.22351606096223592,-0.08596964514863602,2.2611919516676697,-0.026795809452171828,0.31889813379911397
-0.08507493952075404,-0.22351606096223592,1.4869566158489536,-0.4723845369494693,0.06933891924590455,-0.47000999458627596
0.04263716096406999,-0.22351606096223592,-0.146109277586277,2.8376552401038264,0.16547364794398092,0.31889813379911397
0.46341089462935436,-0.1774967270935493,-1.1919667240362333,4.941534636591911,0.2135410122930191,1.896714390569894
-0.08507493952075404,-0.22351606096223592,1.6249263058416066,-0.4723845369494693,0.3577431053401337,-0.47000999458627596
-0.08111981952571953,-0.05011256741428926,-0.4400355290668796,-0.0016527673500372057,0.4538778340382101,0.31889813379911397
-0.07907846727021785,2.683021704376688,0.830239429765084,-0.4307027907916383,0.5500125627362864,-1.258918122971666
-0.08481977048881632,-0.22351606096223592,0.19750277322498136,-0.4641648564665686,0.5980799270853246,-1.258918122971666
0.008189341652479094,0.2658093212980766,-0.9147347182465416,3.5434378023714057,0.694214655783401,1.896714390569894
-0.08022672791393755,0.6664206879262803,1.0100118750778002,-0.4372968884410677,0.7422820201324392,-0.47000999458627596
-0.08507493952075404,-0.0031792866958700707,-0.6885791469444308,-0.4723845369494693,0.8864841131795538,0.31889813379911397
-0.053178810528540246,-0.17253134399061298,-0.1852729417352849,0.6437948410378748,1.0306862062266684,0.31889813379911397
-0.08507493952075404,1.071308223657096,1.7681470570016944,-0.4723845369494693,1.1268209349247447,-0.47000999458627596
-0.08507493952075404,0.6485923660795835,2.732607403040995,-0.4723845369494693,1.1268209349247447,1.107806262184504
-0.0831611717812212,0.09800898820880974,-1.0391838481755111,-0.12043629568451034,1.174888299273783,0.31889813379911397
-0.06619243115736348,-0.22351606096223592,-0.3540232274234022,1.13396788939545,1.2229556636228212,0.31889813379911397
-0.07971638985006212,-0.1646724940783106,1.9930009232128891,-0.45340011393884794,1.2710230279718593,1.107806262184504
-0.08507493952075404,0.616317603705183,0.5374864690872145,-0.4723845369494693,1.3671577566699358,-1.258918122971666
-0.07563368533905876,-0.19610812338963246,-1.3111979981534656,-0.17637152715202628,1.415225121018974,1.896714390569894
-0.08507493952075404,-0.22351606096223592,-1.3643944787951743,-0.4723845369494693,1.463292485368012,1.896714390569894
-0.08507493952075404,-0.22351606096223592,-1.3643944787951743,-0.4723845369494693,1.5594272140660885,1.896714390569894
0.2727996277718847,-0.1933599478707084,0.06265753722966598,-0.23648203127189243,-1.3726820112252411,-1.258918122971666
-0.08507493952075404,-0.22351606096223592,-0.2423866593429546,-0.4723845369494693,-1.324614646876203,0.31889813379911397
-0.078950882754249,-0.1496343697213874,0.17158086043618112,-0.08419658539640232,-1.2765472825271647,-1.258918122971666
-0.08507493952075404,-0.22351606096223592,-0.21360819386823895,-0.4723845369494693,-1.1804125538290884,-1.258918122971666
-0.08507493952075404,-0.22351606096223592,-0.4593972235137349,-0.4723845369494693,-1.0362104607819738,0.31889813379911397
-0.07563368533905876,-0.08460439914656294,-0.38608804915746064,0.09022153749196087,-0.9400757320838974,0.31889813379911397
-0.08507493952075404,-0.22351606096223592,0.16162718237374865,-0.4723845369494693,-0.843941003385821,-1.258918122971666
-0.08443701694090976,-0.22351606096223592,-1.305213154881846,-0.42850048643417904,-0.6997389103387065,1.896714390569894
-0.08507493952075404,-0.22351606096223592,0.4527131029120104,-0.4723845369494693,-0.6516715459896683,-1.258918122971666
-0.07844054469037356,-0.1270647809413696,-0.5575726897600796,-0.30346030061457957,-0.6036041816406301,0.31889813379911397
-0.07818537565843586,0.057389211735746654,0.8298970494491229,-0.4574258091952278,-0.5555368172915919,-0.47000999458627596
-0.08469218597284747,0.26286595245635147,0.490136672285224,-0.4633861557037531,-0.5074694529425537,-1.258918122971666
-0.06899929050867828,-0.22351606096223592,-0.6889406576139447,-0.03589885212508596,-0.3632673598954392,0.31889813379911397
-0.0829060027492835,-0.17411944235479684,-0.18429498390109558,-0.44410145270182994,-0.21906526684832459,-1.258918122971666
-0.08507493952075404,-0.22351606096223592,0.4786748589207776,-0.4723845369494693,-0.12293053815024821,-1.258918122971666
-0.08507493952075404,-0.22351606096223592,-1.2294965506305846,-0.4723845369494693,-0.07486317380121002,1.896714390569894
-0.050371951177225434,-0.22351606096223592,-0.14962794489970746,0.851000134307534,-0.026795809452171828,0.31889813379911397
-0.08507493952075404,-0.22351606096223592,1.6669859545424426,-0.4723845369494693,0.06933891924590455,-0.47000999458627596
-0.07907846727021785,-0.22351606096223592,0.13440324294639985,-0.29531620494115624,0.16547364794398092,-1.258918122971666
-0.0803543124299064,-0.04767050521443142,-0.9919159582862453,-0.3909911625793234,0.2135410122930191,0.31889813379911397
-0.08507493952075404,-0.22351606096223592,0.7477505390285969,-0.4723845369494693,0.3577431053401337,-1.258918122971666
-0.0843094324249409,-0.05723409289898327,-0.23798925922686054,-0.38501694224692923,0.4538778340382101,0.31889813379911397
0.09239512219192351,4.903177516083091,0.7587520544374892,0.6301576567904716,0.5500125627362864,-1.258918122971666
-0.08392667887703434,-0.22351606096223592,-0.2093762000556789,-0.4306244963573329,0.5980799270853246,-1.258918122971666
0.01227204616348246,0.10553330714665861,-0.9793321139811985,3.7556276303717224,0.694214655783401,1.896714390569894
-0.08341634081315892,6.7639621210744485,1.2922138148802476,-0.4625810000737206,0.7422820201324392,-0.47000999458627596
-0.08507493952075404,-0.034869914838283785,-0.33557534269712125,-0.4723845369494693,0.8864841131795538,0.31889813379911397
-0.0817577421055638,-0.17507997475116932,-0.46964120920081265,-0.3345346616778455,1.0306862062266684,0.31889813379911397
-0.08507493952075404,3.1820841170993175,1.9576962452832503,-0.4723845369494693,1.1268209349247447,1.107806262184504
-0.08507493952075404,9.273738595935509,1.589370349266249,-0.4723845369494693,1.1268209349247447,-0.47000999458627596
-0.08214049565347037,0.36286678733438377,-1.0843435722783348,-0.1250210620458163,1.174888299273783,0.31889813379911397
-0.07525093179115219,-0.22351606096223592,-0.40668516145203865,0.41236216667489806,1.2229556636228212,0.31889813379911397
-0.07856812920634243,-0.19249428668324176,2.173669120952786,-0.4507368844083014,1.2710230279718593,1.107806262184504
-0.08507493952075404,0.7941925403976366,0.2873821941196766,-0.4723845369494693,1.3671577566699358,-1.258918122971666
-0.07971638985006212,-0.22351606096223592,-1.2537986266571535,-0.33147837415044934,1.415225121018974,1.896714390569894
-0.08507493952075404,-0.22351606096223592,-1.3643944787951743,-0.4723845369494693,1.463292485368012,1.896714390569894
